time	signature_1	signature_2	signature_3	signature_4	signature_6	signature_7	signature_8	signature_9	signature_10	signature_11	signature_13	signature_14	signature_15	signature_16	signature_18	signature_19	signature_21	signature_23	signature_24	signature_28	signature_29	signature_30	CA_A.A	CA_A.C	CA_A.G	CA_A.T	CG_A.A	CG_A.C	CG_A.G	CG_A.T	CT_A.A	CT_A.C	CT_A.G	CT_A.T	TA_A.A	TA_A.C	TA_A.G	TA_A.T	TC_A.A	TC_A.C	TC_A.G	TC_A.T	TG_A.A	TG_A.C	TG_A.G	TG_A.T	CA_C.A	CA_C.C	CA_C.G	CA_C.T	CG_C.A	CG_C.C	CG_C.G	CG_C.T	CT_C.A	CT_C.C	CT_C.G	CT_C.T	TA_C.A	TA_C.C	TA_C.G	TA_C.T	TC_C.A	TC_C.C	TC_C.G	TC_C.T	TG_C.A	TG_C.C	TG_C.G	TG_C.T	CA_G.A	CA_G.C	CA_G.G	CA_G.T	CG_G.A	CG_G.C	CG_G.G	CG_G.T	CT_G.A	CT_G.C	CT_G.G	CT_G.T	TA_G.A	TA_G.C	TA_G.G	TA_G.T	TC_G.A	TC_G.C	TC_G.G	TC_G.T	TG_G.A	TG_G.C	TG_G.G	TG_G.T	CA_T.A	CA_T.C	CA_T.G	CA_T.T	CG_T.A	CG_T.C	CG_T.G	CG_T.T	CT_T.A	CT_T.C	CT_T.G	CT_T.T	TA_T.A	TA_T.C	TA_T.G	TA_T.T	TC_T.A	TC_T.C	TC_T.G	TC_T.T	TG_T.A	TG_T.C	TG_T.G	TG_T.T
1	0	0.2599145201445299	0	0.011657227178020292	0	0.06638841959580519	0	0	0.46507062072378785	0.012934351083122294	0.027069781781731268	0.024862418078960707	0	0	0.10832233221413312	0	0	0	0	0	0.012679195335135203	0.011101133864774113	0.007330712305462441	0.0030386206075563877	8.880902889629197e-4	0.007878018179639254	8.10080460392934e-4	6.162048579667981e-4	4.3233318089158103e-4	9.219080670927579e-4	0.004336807139572356	0.006797501162329219	0.009642626198245494	0.005831102533716127	5.717099401645387e-4	4.388838388804446e-4	9.372045705637902e-4	0.0013816325402394951	0.0024449296914607873	0.0030382600633925127	0.002251588681130328	0.0031302494906273433	1.2001264157345901e-4	0.002085080978788247	0.0012292027126723744	0.006717422145351082	0.012696845017779302	0.004100027077840913	0.0025415326022374253	0.015909498473976484	3.6350582032733386e-4	6.495243141008089e-4	7.772034105103094e-4	9.85835255594542e-4	0.012305930318613763	0.012700122081437884	0.010936705180530163	0.012286853854759576	2.665224311336411e-4	8.443115259169853e-4	0.0014001514987099276	0.0012637208754828738	5.397999671264113e-4	0.001572731673969759	0.0013859766197016087	0.0016968825572321617	0.0011252308638127091	0.0012511057600118212	0.002606175679226165	0.009132554679406255	0.016285870359133387	0.004624864081072768	0.0016685178742100253	0.014931899024374943	3.20100788736564e-4	4.112584018985558e-4	1.6133229978662777e-4	6.156983164405518e-4	0.004544146430375951	0.012155882536452405	0.017023524565982977	0.011673046209798888	3.997371133420967e-4	4.5711309316180616e-4	4.527857077471985e-4	8.500786866696866e-4	0.0034446704041400864	0.005531866663302705	0.003620765859292122	0.007498118300364657	2.0668928638940327e-4	0.0010129717601477948	0.0017575063475419362	0.0020294263652938425	0.030711803915181152	0.013098326563539032	0.0038896207638358074	0.1622042196906433	0.017523175880705576	0.002794793994867968	9.279223806411553e-4	0.02689005322979645	0.1253044836959863	0.05561399454498479	0.1206956791731497	0.08718569585657875	7.600464515080704e-4	9.598608279853944e-4	4.7570960746371783e-4	0.0021082647151014593	0.0018541426715235742	0.005751237685008226	0.0035907044593639493	0.005212544027966673	0.0024588232691761863	0.004794256478216604	0.0013650347578233492	0.029942805065776436
2	0	0.0627876035911953	0	0	0	0.05142314187475335	0.04341748963499229	0	0.16572221366853518	0	0.3370668923968146	0.0771112319865382	0	0	0.09302383138534122	0.03892348328967085	0	0	0	0.08904474168006073	0.04147937049209836	0	0.010039006571227452	0.005891340483498849	0.0011895944166075431	0.008844684042428948	0.002517858606892934	0.0010386666166630047	2.954608906806008e-4	0.0026036744905785923	0.00592543803964321	0.006002221676499179	0.011085495134150075	0.00614795036265622	0.0014620830681330113	0.0017480371110736245	0.0016390031008468686	0.0029301291085676666	0.0033320419197219583	0.002928225360977826	0.0032296501483213644	0.003792410754408021	9.726557013659215e-4	0.0024868681869449133	0.0016439512407972106	0.010698914375377643	0.013933591117371366	0.006118106011610761	0.0025926122627866286	0.019680129065006817	0.002260332827414817	0.0011173843427185544	7.304630246178598e-4	0.0031017736076139673	0.010305578956485702	0.011581812833681392	0.009313204563325305	0.013059964833665094	0.0011353850110837774	0.0034313591729139338	0.00245212956069959	0.003032794396517318	0.0025752987186722564	0.005804286741388809	0.004696104368337822	0.0021935758923338857	0.0013879932038626064	0.0038859378356335297	0.003298104468197885	0.01487322759250709	0.01700764675269559	0.0069013942547891324	0.0017822612616573523	0.017816013616929555	8.168722391677887e-4	5.69400527309005e-4	9.456573080971883e-5	0.0016016747080904688	0.00827484486410698	0.012196979678444235	0.016829865086658097	0.012752582642678497	8.534092246760023e-4	0.001078701514906074	8.975609507369971e-4	0.0017324866541020012	0.0030969534393434812	0.004326900164676236	0.0037207066976305877	0.005099089487078508	1.7934007316615746e-4	5.352521112792257e-4	0.002199705864116714	0.004536420614373731	0.03226992413007374	0.01565158698229763	0.0034735994230487947	0.07704452627901598	0.09725295953443672	0.022603334829711337	0.003477046688987022	0.11674711169332853	0.07597135251477243	0.03357925550643709	0.048852646640147046	0.03962686384607458	0.0015028654112026073	0.0025216363580395167	0.0012819311046903849	0.0041473567981250865	0.002829367164921797	0.005862424289362305	0.003368137670616721	0.004467751299134179	0.0020570695571035815	0.00493531995382844	0.0019648330632350353	0.03260395928555746
3	0	0.053636470900219245	0	0.031641659153302665	0	0.04835228785669277	0.03151239711198507	0	0.3857289129168722	0.019839825111980517	0.07587939904606261	0	0	0	0.23542249460188724	0	0	0	0.06450923451435718	0	0.0534773187866404	0	0.02015512106304866	0.009366468868709708	0.0035967160333438544	0.013074543291638827	0.0027058257930710978	0.0018304045649922345	7.535465997991586e-4	0.0022692649105487466	0.003492855294478075	0.006240329911327737	0.009791001528023058	0.006104795345825722	0.001510031834841556	0.001074478015660928	0.0025302699288777793	0.0024920736621461027	0.0036564682070663783	0.003119282164852887	0.0034149830110408834	0.004678281878196638	2.54992231924643e-4	0.0019740039793258615	0.0016741894701014	0.005558832664231336	0.031639589325204026	0.011674027028394842	0.0068900056468140895	0.02097803889163242	0.0020692214197871837	0.0025646739426343954	0.0016929609218318906	0.003040059975477245	0.009800719850611421	0.01136163987729052	0.011319550169824598	0.01040111955183707	0.0010240506293863793	0.0018653967694265902	0.0037294808800657003	0.00275161363226339	7.67850802524858e-4	0.00238453338564726	0.0021275608332966163	0.00213244054412139	0.0010063273689649916	0.001470076706960701	0.00323586479257706	0.008106978309422329	0.04053280229471912	0.017508425774197957	0.006952739319619502	0.028334540233981485	9.943760749436933e-4	0.001352718979496431	7.053959668971621e-4	0.0015216647179695183	0.004216072755644696	0.010938309354457106	0.015970399640787367	0.010366027783565832	0.0012391550789831065	0.001161910036867152	0.0011551680939422863	0.0017793244210423467	0.0035373746667571844	0.0055462556617874945	0.004176583004748966	0.007643806042763465	3.5306632150320673e-4	8.670782670958773e-4	0.0033704684379958546	0.002451052116089453	0.040114122114660936	0.02363854412380778	0.00691668873019444	0.15535169408129057	0.02463192724483706	0.00773452152886225	0.0013962099229037476	0.0303944741721074	0.045211032806834986	0.03426014695375519	0.0946832279526757	0.038470845930286074	0.0018702629095193046	0.0021792177491128466	0.0019213608472235136	0.00305950631630624	0.00237497734175245	0.005940880899194972	0.0032785265014993797	0.004920514425255467	0.002037449836578432	0.0044668445114530685	0.001483313554809111	0.02563645298967896
4	0	0.12049784951660931	0	0	0	0.1912701529790101	0	0	0.15319113361857545	0.1460313989174519	0.09494461683066271	0	0	0	0.054035226861931955	0.05221164145802901	0.034555046760820426	0.10545537724460836	0	0	0	0.047807555812300805	0.003667672635881989	0.0015714243804823872	3.0533601718485924e-4	0.0030911710043421714	9.710684762792453e-4	4.7158094375991476e-4	4.000137147175491e-4	0.0012747065800739889	0.011057492683593791	0.03328212633253412	0.008647962108577578	0.01762094629440247	0.0012090320897802805	0.001820788913413288	0.0012600193190668906	0.00192282122851052	0.0028113236766123617	0.0024443158830156106	0.002888920628845681	0.0028899198665933777	3.88636125176222e-4	9.189306913829573e-4	9.893949905097938e-4	0.0027686424728948175	0.006518491169036426	0.0027083125610122927	0.00151823138169143	0.005880482895842372	5.885368122925669e-4	5.996044892381283e-4	7.18732398889063e-4	0.0011013520733341741	0.033928636961549054	0.06957316568683325	0.01387306247645755	0.05334151310043613	6.675473997083711e-4	0.0013844337181833795	0.0012302255456630063	9.866760896692765e-4	0.001464130590311905	0.0014297286910496924	0.0015965146918603705	0.0024186183600413405	5.764893670327357e-4	9.505870673010199e-4	0.0016528850146095508	0.004016162794447096	0.007971532904296598	0.002259353681032707	6.307632397081187e-4	0.006259137092525871	6.543906638295673e-4	7.227569967782591e-4	1.1724258056011e-4	4.362985608182458e-4	0.015464113581205514	0.0451201236538942	0.010117799835409266	0.03129827358194121	4.8655898992631464e-4	8.700504700745878e-4	7.102794188810594e-4	0.0012187773697985558	0.006451604832452372	0.004822276772118582	0.00528335331001433	0.00866869188495514	2.40947488097483e-4	4.3104635105130736e-4	0.0015651430176782139	0.0012296563319591674	0.016560857593720203	0.00744003943214878	0.0019487808869542325	0.05765816150616197	0.031301979634479025	0.0069299698293244115	0.0013775531813018604	0.04047567742848102	0.09714252227948685	0.1044244298717848	0.061813896608307474	0.07295616358202778	0.0011988111323303732	0.0013391174137267754	8.014672404665531e-4	0.0021743814891421157	0.002647452465693968	0.00401693594899658	0.003041539178902557	0.003354830539207138	0.0014093710915718844	0.002162536277098522	0.001126741310102581	0.010268243075008199
5	0	0.36443124675303495	0	0.04635823647390773	0	0.06232780617683677	0.04055379870994464	0	0.12909062706915977	0	0.05072142625166789	0.06007285132951104	0	0	0.13228787914792733	0	0	0	0	0.04390844404216376	0.07024768404584607	0	0.0152309991205352	0.00881360104969147	0.002614038988253263	0.010115839211575753	0.002011944770879667	0.0011955158809025704	6.050318008212497e-4	0.0018768204860872514	0.006945884691995645	0.0061781170216054	0.010330950984555727	0.0060164847010536465	0.0013340938300663624	0.0013729549946252288	0.0022371315553665685	0.0026164561157480306	0.003415650342446333	0.002517124653115673	0.003301151863786535	0.003765953965307318	5.335466967743433e-4	0.0015880986521867478	0.001549621354369466	0.006160715352129984	0.01997433698582804	0.009343205555831324	0.003907434011649601	0.02091062259719675	0.0012912313295722479	0.001437091991378504	0.0011994187963905968	0.001961507761426189	0.014170347537878946	0.011111826500779368	0.010612625081807067	0.012477878430519857	0.0011973803964744532	0.002942113697566493	0.0038100371673820423	0.003231314958383398	0.001751167288959772	0.003821721186915202	0.0036366399622969336	0.002215420745951854	9.321375022272657e-4	0.002318915125366085	0.002798501031315127	0.008723675118764852	0.0257510754296083	0.010861615471497289	0.003696311028860086	0.02145827907610546	7.168222987575927e-4	8.042818258593724e-4	3.912271008295837e-4	0.00134189187672272	0.007642689228403502	0.008937807276902904	0.013276151896839014	0.008914161845150302	0.001176995058670149	0.0011835775849869802	0.0013925437518453722	0.0017497007992472921	0.0026057631965386375	0.003563483312252245	0.003174195851182193	0.004761401795720758	2.5275146074309386e-4	4.1559011529107245e-4	0.002388621233028353	0.0031415052912807297	0.026299693746252746	0.01673437862868879	0.004567410043397119	0.07027986354078809	0.02843285656327171	0.005051287304993604	0.0014493654044448869	0.04229314641044445	0.17094678352514103	0.05508514287211683	0.05508574443170928	0.09924389812839188	0.00164430551918903	0.0019437583413504322	0.0013991361392181494	0.0032811204536395025	0.002327969843747269	0.004553529264787623	0.002481630861725428	0.003519652750698168	0.0011871037690437077	0.003224717260788213	0.001499546596797651	0.019765235945652788
6	0.019295584271690373	0	0	0.013488380446638833	0	0	0.01948467727046523	0.013923130103231068	0.7347024850438979	0	0.046087523562673	0.019446193087924866	0	0	0.10493974397105081	0	0.012824778142340386	0	0	0	0.01580750410008759	0	0.008531456937942031	0.004209495979172834	0.0010858734507337453	0.011041048550211553	0.0012511704164245574	8.288950137013197e-4	3.423584984634875e-4	0.001181921373647081	0.002399882180836164	0.004022832734161037	0.015852235688880494	0.0055282746807217824	0.0010537110827075994	0.0011182164145722964	0.0011310248098900188	0.002296100826148254	0.004209527168995001	0.004833388124266143	0.003601465243735411	0.004939562776738965	6.375993347238886e-4	0.0032779312538956124	0.0016858606403507377	0.01063145517208184	0.014122568818758171	0.005051494986701566	0.0027680394103795163	0.02033014427291701	6.570607462444283e-4	7.337435593878171e-4	7.119937460352589e-4	0.0012392907082266174	0.0032970058668129894	0.0036810181523915988	0.013219274790458738	0.005270576355753572	5.191678929778728e-4	0.0010678660644500122	0.001785126794494945	0.0019006884515072279	0.0011479759219453157	0.0025070112109911364	0.002382718159201815	0.002771069267437782	0.00199490945679421	0.0017740783748517897	0.0037241254862673064	0.014693242748223444	0.01710471149088543	0.005857211850510602	0.0017590261755365184	0.017413895659637045	3.6628767643765244e-4	5.907750488645998e-4	1.5062652374626994e-4	9.205663499502094e-4	0.002624101340406756	0.012925465083678497	0.025848719829361978	0.013544302408033851	5.562120889701988e-4	7.496442149497545e-4	6.31257650836389e-4	0.001247106395164319	0.007436264551038982	0.00928896566595756	0.006376702803252572	0.011852431236974003	2.627792437287168e-4	0.0015409321676760428	0.002000567281738392	0.003073257918854437	0.03869059082095414	0.014942099532220362	0.004389211318900977	0.24338260467337336	0.013325593029136343	0.0040706872410797325	6.48403749012665e-4	0.016012730238805638	0.010519411964304469	0.018532450012528137	0.16104231236028732	0.03214488869673435	0.0013245066573455578	0.0013831594741949757	7.50990564042569e-4	0.003263804594338866	0.003493867798446904	0.008781260977558275	0.005730283119340171	0.008661893928988949	0.004462388125959026	0.007353152912485279	0.0020285627884906766	0.04790185516902207
7	0.05929534516309138	0.04044896844612182	0	0	0.03532466597036393	0	0.04299277181569127	0	0.32383315499071114	0	0.1913846139214338	0.06050042390264363	0	0.03760785478665844	0.15490985712962577	0	0	0	0	0	0.05370234387365879	0	0.014813427837193907	0.007819177170388448	0.0017489100538621047	0.011605876477054603	0.0023281698594044015	0.0013290444248345802	4.862421475424263e-4	0.0025500771217125636	0.007365326344457122	0.005914096227081515	0.024631555066485022	0.007006172322927574	0.0018473864784190317	0.0016761951877728098	0.002019761652014808	0.0033686064990936467	0.006800170779214332	0.004130519428015458	0.005533482439908515	0.006270189481965422	6.062109084670311e-4	0.0019911712894090977	0.0017016427003705517	0.005575358710192875	0.020919016498258745	0.008482833437549138	0.0042747085432190395	0.025044182073209	0.001744759249170967	0.0013026488500352984	0.0011379742262143746	0.0028222310564176927	0.006598636908501732	0.0053639957537648005	0.01837157248019222	0.006808939350655773	0.0010132048478790057	0.0021607590102886787	0.0025286872416357903	0.002726671738359615	0.001496460723600564	0.00323417225943438	0.0037078848091033193	0.003181971709755307	9.225706953979982e-4	0.0017095350984122778	0.002993228159496261	0.008166637562599905	0.02668585500206674	0.009569918010488098	0.0028095215465345964	0.023484088343956613	7.419788262315077e-4	8.728164518874456e-4	1.1521430028472512e-4	0.0016125442699739105	0.009586755334173221	0.014250630658591303	0.029590336733373097	0.012947337123901148	9.825523230122851e-4	0.00110004966745908	9.683830261588643e-4	0.0018646143748249928	0.005158462945379848	0.006101497992474914	0.005052635406232464	0.007711157221081668	2.6299301796571225e-4	9.939586258497898e-4	0.002465485064961481	0.0025648254068093993	0.03621492169702965	0.018191338220936548	0.004926948403539986	0.1308405889718993	0.055938657453641565	0.014003054649427468	0.002150644487887031	0.06766445565072193	0.04556521786188701	0.018231915685536997	0.08189987673729299	0.03250699172607006	0.002176507983791832	0.0019874389661184797	0.0011540944347514365	0.00320837709734967	0.00372192199134014	0.006048116944535333	0.004217556824767349	0.005393618094376956	0.0021776408572141384	0.0041294181951458744	0.0014717040578656102	0.022853328442031865
8	0.05054125051056286	0.05578092623559714	0	0	0	0.23271263703904524	0.037270570600249284	0	0.2530656094086755	0.10117687852653319	0	0.045442608015225504	0	0	0.12397125116509289	0.03490056031079962	0	0	0	0	0	0.06513770818821875	0.008901015991903592	0.004011986208047353	7.028596036853913e-4	0.008038290717168162	0.0010095644200879327	7.883582285539287e-4	7.020463837196995e-4	0.0014202628978688134	0.011675374431142782	0.023616233612752537	0.0194392772444718	0.014565223125678838	0.0018626223088209755	0.0014017398537493366	0.002119830931491266	0.0035820174752815423	0.003329446490292064	0.0032565406077737415	0.003445964720044097	0.0040158139711745445	6.821226180528878e-4	0.0015400526597168424	0.0017108444123854038	0.004725655713892316	0.014338155304910212	0.0054503727012378085	0.00274776055114459	0.0166707704567298	4.00278316505523e-4	9.416662777068146e-4	0.001160261408364685	0.0011804118814306684	0.03059780313944233	0.04892613963189677	0.01967991162158047	0.03750766853617733	0.0011042033016604152	0.0023413595617440054	0.0023025052801568125	0.002386069172566047	0.0010852132195793794	0.002265733035149868	0.0017421457578133681	0.0028995464845214813	9.77449218008041e-4	0.0016072428869704526	0.0028039669212021443	0.0065627088484108385	0.01851118958758787	0.004799362763682573	0.001380473575391663	0.01638386130127089	8.45727548293689e-4	9.135094524221796e-4	1.840695151857946e-4	5.607546479881051e-4	0.011678971565906837	0.028381918130786648	0.021388629481272365	0.021375058069288085	9.416830477666446e-4	9.13478772971558e-4	0.001152517409169837	0.002212989802664531	0.003105457349035076	0.004692037499840747	0.003890545222613895	0.008022370240393503	4.2441393476805534e-4	7.467387056075778e-4	0.002641991950578331	0.002199714555424979	0.020775678884073164	0.011092475268031133	0.0031631809993987537	0.09850920829680045	0.0026232450069804524	0.0016043725473799098	5.229444052295403e-4	0.0052051223176598545	0.06495371760230145	0.1037731343030228	0.08794511302232316	0.05872797518481851	0.0023288854843736507	0.002086294059385269	0.001271773788596707	0.0039009826596485974	0.002211830139997871	0.005159379535032611	0.003588601087123354	0.00425527520699223	0.0020849703439025993	0.0035358496993034283	0.001837992580722439	0.017272045304033867
9	0.017939734397772675	0.21242983717333774	0	0	0	0.047933625545890916	0	0	0.242570686753232	0.03750669431451125	0.3052251157708322	0.013410587830042313	0	0	0.08950410081202491	0	0	0	0.013813553568139984	0	0.019666063834216055	0	0.00693931013971816	0.0031970577661028622	9.77600000710743e-4	0.005699832881976835	0.0018738055772202563	8.771619962090779e-4	3.003194300668106e-4	0.001938048040239168	0.004330768434549919	0.0075717272864535235	0.009300782686578536	0.005690254131004767	7.951513914292535e-4	6.242223491619785e-4	8.317573777820023e-4	0.0013058679114073117	0.0020543720655283593	0.0019004909455959573	0.0017544466618136323	0.0023767038565611523	1.8808340003240615e-4	0.0012012384122221489	7.953636316790227e-4	0.003605142076982037	0.01152916926516382	0.0038002519370619946	0.0024438013600758704	0.010725963044164157	0.0019404095201138465	9.485378062524942e-4	6.837987467514876e-4	0.002701671773735469	0.010964245432611196	0.013357211034818326	0.009231850861664453	0.011074816693856862	2.659402556495889e-4	6.465297720899406e-4	9.544874491144754e-4	8.886517377433621e-4	4.2785097600903213e-4	0.0011652002657804256	0.0010244203338914295	0.0012097678414898392	5.95288202682547e-4	8.035468182881864e-4	0.0015995183432602309	0.0050677006257082834	0.0144673985251491	0.005494585037156207	0.001956145756999097	0.011737806082815527	5.91112159449316e-4	5.693871395928908e-4	1.5990551771557994e-4	0.0012518492716238191	0.0052244674487343995	0.011091792952019399	0.01273553282522714	0.009222184063702852	3.463743117020057e-4	4.2077033188122356e-4	2.78934335094107e-4	6.050830614669786e-4	0.002433003448492045	0.0034484573530437906	0.002427510530077474	0.00482503075536154	1.4779124576520084e-4	5.676495854471386e-4	0.0013810383212467367	0.0012626211612432666	0.03426265954487965	0.015021019399328	0.0036377174683817175	0.09592776938310331	0.09381169097355291	0.020446987500990332	0.0034449913024927107	0.11557657544247606	0.13407100242492878	0.04867080159933834	0.07189782899844128	0.07567741868876893	7.406995235414419e-4	9.341481568377043e-4	5.396859418880105e-4	0.0014000429846535295	0.0015518347463868091	0.0034389540741246033	0.0021191862197003962	0.0030627545857310583	0.0014232453990594013	0.0026871826539482157	7.692868450121924e-4	0.016059946371259237
10	0.002890079558777618	0.8220826798039216	0	0	3.0920088924467137e-4	0.013924175296111473	0	0	0.0016219587633643842	0.001669364588332346	0.15563376041725044	0	0	0	3.061335569461556e-4	0	0	0	0	0	3.8176070877278046e-4	0.0011808864172786608	6.951689965413719e-4	6.718881237738067e-4	1.023365980348518e-4	4.5364294276823433e-4	8.15748598149573e-4	3.760742304046945e-4	1.915877617014741e-4	0.001118194947999945	0.006560501576545758	0.0028253705185670593	0.003377128231925665	0.002979382508497572	2.2959808714471985e-4	2.832551282819033e-4	4.865510398720454e-4	3.646344001347467e-4	0.0012173957369553197	4.179279071463397e-4	5.851462314539099e-4	0.0013194819340527396	9.880428516756675e-5	5.337299367298e-5	2.5903430099363464e-4	2.52538861626752e-4	9.149559120261072e-4	4.135851182878362e-4	6.5229873221117e-5	6.496108439835417e-4	8.59173415870169e-4	3.813513774467981e-4	7.740242649972435e-5	0.0012608666129872823	0.014169999786211092	0.004843306030618669	0.004780393924827857	0.008793432713596915	1.8266279234034594e-4	4.5277807348280863e-4	2.6266420135604557e-4	5.084245014828949e-4	4.849686403010762e-4	3.6256908708644605e-4	3.5463190481469745e-4	5.50616265924514e-4	1.0626818906922773e-4	7.036970566824261e-5	2.3249881476703404e-4	1.9905208651461908e-4	4.2125180544189854e-4	2.964652932450148e-4	1.7503734110424322e-4	2.7343492338177043e-4	2.577126693199808e-4	1.5711644793298671e-4	4.818569415508519e-5	6.437883673419949e-4	0.005908928190682344	0.002672635035099982	0.0011800299412662375	0.003375829472606217	1.246058386751159e-4	2.8847072125286e-4	1.1609402505068501e-4	2.266071193844888e-4	2.2187601571141665e-4	2.891263896666621e-4	1.4576469959107986e-4	7.654997525366002e-4	8.595982389418269e-5	5.970276453633738e-5	1.308656329883144e-4	1.1011500884397968e-4	0.020075079343211386	0.008174081642874066	0.0017449208945079192	0.01370609487657371	0.07423913637856162	0.009983040814647907	0.002827621457405449	0.10639703946990207	0.36482803903545624	0.07420879191276572	0.04218073560136947	0.19386916491645637	1.7076082590989183e-4	1.6137545593517973e-4	1.15836269002272e-4	3.4019241338341914e-4	2.7268773846415454e-4	4.7886394007176387e-4	2.37662549933663e-4	5.80314266691216e-4	1.6670063383688463e-4	8.763648864379609e-5	2.042561561266161e-4	2.6328570065138417e-4
11	9.962400042603141e-6	0.9693694247580342	0	0	0	0.00402491636680119	0	0	2.6877552395890444e-5	8.461727013692304e-5	0.02625877929903966	0	0	0	7.676793435737065e-6	5.259543576284468e-6	0	0	3.7435001492591563e-6	0	0	2.087425163881475e-4	6.728945376696283e-4	6.195923197427266e-4	9.777003999954596e-5	3.384189958271543e-4	3.5471936039136717e-4	2.858995083249391e-4	2.1407306332915391e-4	6.94231045473222e-4	0.007268445665669771	0.002744181658332881	0.003236240884639212	0.0032523759067120076	3.8480673409173406e-5	1.4151236333289483e-4	5.24465776072642e-4	1.8627936323475268e-4	0.0012804119611854736	4.189602321741341e-4	5.702286634073693e-4	0.0014544094710086275	4.396167455767195e-5	2.7688598875997817e-5	2.710491246790808e-4	2.1848839711602024e-4	7.076157810365082e-4	2.4060109573345335e-4	1.3784482614181402e-5	4.428490051637795e-4	1.6744689170026684e-4	2.9677114121399794e-4	2.9281492382000803e-5	4.72136876094803e-4	0.014976390663156739	0.0038677311557065047	0.004920130299270701	0.009030436626309101	1.5854201753856596e-4	4.628663483445812e-4	2.355824414066136e-4	5.646700499134685e-4	5.351300807309768e-4	3.8488648446934585e-4	3.565451532326899e-4	5.620923249418478e-4	1.1172336435892972e-4	2.9874409770487608e-5	2.2788114030808268e-4	8.500451524754313e-5	3.491186844519374e-4	1.5262922833443024e-4	1.7595994071315657e-4	1.367589341100145e-4	8.048131541950871e-5	3.78603754646999e-5	4.192177636521421e-5	3.3062570148690705e-4	0.006285007245528385	0.0021048763473354368	3.847998833795736e-4	0.0032844122625121375	1.159434766073971e-4	2.9226236314789506e-4	9.356359629131713e-5	2.1782477107631422e-4	3.34125752315332e-5	1.9659435136608458e-4	2.0308746211173384e-5	6.137376214050447e-4	9.379997281753114e-5	4.846448262655397e-5	1.1460554644360922e-4	9.01593734505676e-5	0.015934735192775416	0.0067966895515880026	0.0016673750140724017	0.012519046727332148	0.04346062823286349	0.0017006015176029236	0.0018275470619325683	0.07350567259607517	0.41057237112092265	0.08105149249837519	0.04682850175705134	0.2227680891054376	9.463214240820916e-5	3.243161107818528e-5	7.588367531132358e-5	2.9243721666926873e-4	1.2886972633924354e-4	4.6903558487687303e-4	1.9670479498491293e-4	5.821823313364605e-4	8.586453598907862e-5	2.524676464467464e-5	2.0617014078132357e-4	4.7909397117552294e-5
12	1.0311264021462506e-6	0.8824212468919328	6.823086403378135e-7	0	0	0.0037829975107810552	0	0	1.4062815776050857e-5	6.910523468605268e-5	0.11357537125673779	0	0	0	0	1.326264961051316e-6	0	0	1.4220689886215075e-6	0	0	1.3275452109414967e-4	6.42074780495735e-4	6.220286793581408e-4	9.223631451961538e-5	3.836868905121982e-4	6.613654583131908e-4	3.427689668982256e-4	1.9635981802612954e-4	9.780860732573776e-4	0.00674498055362085	0.002499796196998723	0.0029714361454210563	0.0029591235084302342	1.4617658441678312e-4	2.2371197466569375e-4	4.8626678438767586e-4	2.564902254927632e-4	0.001214674741874163	3.9380118248230676e-4	5.43498929433174e-4	0.001347855404057658	7.432689045503984e-5	3.50752092922434e-5	2.4966907755016686e-4	2.1543231925327024e-4	7.967723291540587e-4	3.227070132454219e-4	3.412153853465569e-5	5.154173234393819e-4	6.306886458485641e-4	3.5194248441078167e-4	5.209142802628278e-5	0.001002150168021916	0.013964487659628001	0.003617530606958224	0.004490700423185209	0.008281466532257	1.6955729407056442e-4	4.4100278440356073e-4	2.3972187562793206e-4	5.142524003702965e-4	4.910219287274043e-4	3.5423290778517023e-4	3.294514268591029e-4	5.121751281235017e-4	1.0276664281959897e-4	4.0129626581887336e-5	2.11154916711142e-4	1.1835245054003308e-4	3.2808307130971536e-4	2.056391196504959e-4	1.686449387749025e-4	1.7270299604431856e-4	1.9382512072398756e-4	1.0482923943881189e-4	4.539199491596253e-5	5.412869618973988e-4	0.005981005058940822	0.002139887981375192	6.354413645625826e-4	0.003140919438232027	1.1766955556888974e-4	2.885070727238334e-4	9.869797614989908e-5	2.0898742240494666e-4	1.2478092908792208e-4	2.2590293303938774e-4	7.440467551831522e-5	6.194994823043442e-4	8.685131766423151e-5	5.2361882072147666e-5	1.0518143825820892e-4	8.661434276412078e-5	0.01882368344380739	0.00774062475163237	0.001723190592791842	0.013063059958135514	0.06469158217193066	0.007276813077656175	0.0025179676941642455	0.09652447909212909	0.38396309716063176	0.07515622909364708	0.043183301568195824	0.20531623215474462	1.2189637807523534e-4	9.847078029391189e-5	9.091633103786622e-5	2.810738155268746e-4	1.8777747501925475e-4	4.383848305431596e-4	1.8213048472840872e-4	5.461900094863735e-4	1.2660931021941496e-4	4.3826778711268736e-5	1.8732065613740902e-4	1.0320782837776318e-4
13	1.3632722451575646e-6	0.623831106562202	1.574021921505043e-6	0	0	0.0015520170380990132	0	0	2.4156234279701506e-6	6.573134536417026e-5	0.37446912699964846	0	0	1.7643615639318478e-6	0	3.703188322055455e-6	0	0	0	0	0	7.11975872057539e-5	5.520045643751584e-4	6.300792820833332e-4	7.636919584984125e-5	5.198341687429292e-4	0.0015781679278283763	5.132256791137021e-4	1.445655911469915e-4	0.001827127013138636	0.005202845920018173	0.0017577291468193496	0.0021934715323134223	0.0020877957724567127	4.679208064363996e-4	4.69036438992626e-4	3.7281964288332403e-4	4.631058989981035e-4	0.001019966058043135	3.2093635492533426e-4	4.654747710986493e-4	0.0010304419862456158	1.6605290382746754e-4	5.777991818468778e-5	1.8595615149207876e-4	2.0863531127301342e-4	0.0010650110061905416	5.685631314802054e-4	9.589980664940822e-5	7.32573963246163e-4	0.002014804106050469	5.167554240248434e-4	1.200801440693167e-4	0.0025859314104275757	0.010859686331386974	0.002741167796313156	0.0031892643627037883	0.005947090485246088	2.0367035256325038e-4	3.755026900608592e-4	2.5295713009774545e-4	3.618073097770199e-4	3.5863528662441745e-4	2.6232912307916513e-4	2.4779890596430886e-4	3.573350501147957e-4	7.6973044795418185e-05	7.07748660914928e-5	1.6164635179672857e-4	2.183424021710986e-4	2.70248727891194e-4	3.668647920904417e-4	1.476460180748351e-4	2.838580374698077e-4	5.338453477108033e-4	3.0557028123433667e-4	5.6111619534371265e-5	0.0011711135517491788	0.005090923950669775	0.0022297563905082775	0.0013916419349226871	0.002699522867115316	1.237075751864537e-4	2.782860611043733e-4	1.1417862565550129e-4	1.8261579017848174e-4	3.980971286517577e-4	3.153067870920553e-4	2.374887557004693e-4	6.276018384715356e-4	6.67702080732896e-5	6.443795284567814e-5	7.552586493896605e-5	7.590407446824826e-5	0.027475434744248798	0.010567939623871828	0.0018925275015660447	0.01471311426059068	0.1281723177043937	0.023936852407832807	0.0045827695379362715	0.16538227335396122	0.3047975995518061	0.05722851425175185	0.03221061160078855	0.15333310240631448	2.0355113374459773e-4	2.948588056692638e-4	1.3522130313941988e-4	2.4031267576651573e-4	3.6087142869573903e-4	3.46801096188154e-4	1.375115327998258e-4	4.362922834413408e-4	2.5009244938558163e-4	9.895212932440002e-5	1.3127061255764714e-4	2.6824090255630557e-4
14	8.575558136992905e-8	0.8705734989607283	0	0	0	9.229796619276929e-4	0	0	1.1757714118786336e-7	6.799782367810551e-6	0.12846927978743802	0	0	4.779232493466991e-8	0	2.64428401018728e-7	0	9.216450849016302e-8	0	0	0	2.6834089581088252e-5	6.377289311589668e-4	6.22792659702757e-4	9.138322773380228e-5	3.911153852162339e-4	7.143791174732731e-4	3.5323884664289394e-4	1.9354394091264583e-4	0.0010279709541926182	0.006670491158709787	0.002399064045614595	0.002933507599548661	0.0029009916443451505	1.6101060906913937e-4	2.3545438879969368e-4	4.781434406478477e-4	2.581454071820977e-4	0.0012058633447583412	3.8952959119900577e-4	5.377581716579035e-4	0.0013309420156655003	7.91124561045981e-5	3.613385208988091e-5	2.4368800383143537e-4	2.145076549311156e-4	8.105766300732208e-4	3.355247183429598e-4	3.7330346016104546e-5	5.251194032332815e-4	7.094806555917699e-4	3.6102512281963056e-4	5.4001906562922625e-5	0.001092610280045867	0.013615835050847286	0.0032864770895045803	0.004371195574229713	0.007950183382083956	1.7137075458217271e-4	4.340037322050462e-4	2.383264140705067e-4	5.022484484555228e-4	4.822909626695938e-4	3.478625852111428e-4	3.2306772874879147e-4	4.925659261875176e-4	1.0112135822428365e-4	3.910182494188506e-5	2.0565019500769363e-4	1.1945371199212381e-4	3.2394491092387415e-4	2.1374654688913292e-4	1.6780909395178374e-4	1.780533027067772e-4	2.1259288125300075e-4	1.1452617844687947e-4	4.5952537825503666e-5	5.780013382020067e-4	0.00594211348589032	0.002082036289815383	6.762688410316428e-4	0.003075716040385611	1.179378213922565e-4	2.8840626891949356e-4	9.765262456797105e-5	2.046970182155695e-4	1.3968092376619222e-4	2.3034303815958293e-4	8.188325261518097e-5	5.983060883019252e-4	8.564787348152081e-5	5.296521361012108e-5	9.872451739088488e-5	8.3171265838813e-5	0.019358331664077348	0.00791519808099219	0.0017368978230521675	0.013185634104573638	0.06842353798711884	0.008225128806724028	0.002639536635937071	0.10064835351753902	0.38032850304392485	0.0735632982503861	0.04241991672046011	0.20277332056408698	1.2324048970191952e-4	1.0489620347091485e-4	9.050694587880527e-5	2.6577646269784327e-4	1.9159453811720456e-4	4.284678589074191e-4	1.7418676402165343e-4	5.348814088453829e-4	1.3290542661732223e-4	4.370904882016815e-5	1.8108295437790632e-4	1.0799709290126946e-4
15	1.2022964100115411e-5	0.8845485315546185	0	0	1.4236188855063493e-6	0.0019313500820271954	0	0	6.502554418271274e-6	3.360177957876204e-5	0.11328254430119662	1.180968858152976e-6	0	0	0	2.7453170824736847e-6	0	0	0	0	0	1.8009685923440992e-4	6.42759865635237e-4	6.222659164651883e-4	9.251501673738554e-5	3.8338126459607234e-4	6.60788419021475e-4	3.4307298264674857e-4	1.9705147028844687e-4	9.78060735935199e-4	0.006763075108318148	0.0024679915992578167	0.002980962964751078	0.0029571876594444374	1.4435174694904317e-4	2.223668686278858e-4	4.86014383251438e-4	2.5056397749765273e-4	0.0012164878889230728	3.9488266027970693e-4	5.438793459791125e-4	0.0013489740907151847	7.45548357927075e-5	3.5202647342926834e-5	2.4886801276221464e-4	2.1622874272155147e-4	7.954486064974696e-4	3.21734829301071e-4	3.4123905206689396e-5	5.136408988670805e-4	6.289844814856073e-4	3.515020148783231e-4	5.1064749536293645e-5	0.0010003692307168305	0.01385822692890796	0.0034362101195519884	0.004464239228869956	0.008153492042412004	1.7005008229433624e-4	4.3963764624360967e-4	2.392024825464135e-4	5.121367713063766e-4	4.903700407193482e-4	3.5360838807535277e-4	3.2845647005152876e-4	5.050674030745848e-4	1.0320864281979661e-4	3.894459875491046e-5	2.1026258635320052e-4	1.1625897318981636e-4	3.2864826552310184e-4	2.0583369295622776e-4	1.689808511565176e-4	1.7299493385484802e-4	1.9386915622785018e-4	1.0420255527950691e-4	4.551992665758116e-5	5.410661407787526e-4	0.005995556133101927	0.00210383256399264	6.36463697753262e-4	0.0031169186515877974	1.1804517300429294e-4	2.892073615518298e-4	9.796460279126365e-5	2.0788360379841458e-4	1.2417725855776133e-4	2.262280451211658e-4	7.401472583696415e-5	6.058953544659905e-4	8.720110930413277e-5	5.251003702079148e-5	1.0238707351809745e-4	8.537467177034386e-5	0.018839685338415364	0.007745631838313528	0.001725734695828716	0.013079412984155547	0.06468836780653359	0.0072562563852930214	0.002518161677282086	0.0965687462754556	0.3846036191985849	0.07479036943408755	0.04309906634034734	0.20563685017355718	1.2051352451148106e-4	9.579306059881385e-5	8.93058299231838e-5	2.723546672166701e-4	1.8357418695304502e-4	4.3639830398576576e-4	1.793345240882581e-4	5.429195073889247e-4	1.2699135030260972e-4	4.208897473206113e-5	1.8628849043409937e-4	1.000305163766722e-4
16	4.2024316432448055e-6	0.8825129123543038	0	0	0	0.0019739824247620255	0	0	6.968685851024801e-6	1.511872903336756e-4	0.11524065899698532	0	0	1.4614669703526888e-6	0	4.341320766994905e-6	0	1.2022649416487894e-6	0	0	0	1.030827634418113e-4	6.420183398070891e-4	6.22361246207683e-4	9.222730187806528e-5	3.8436291542069976e-4	6.677270392694339e-4	3.4434678176271916e-4	1.962682994059139e-4	9.844830705676051e-4	0.00674822481735988	0.0024720646692415337	0.0029726461663076575	0.002956370456860004	1.462507353031506e-4	2.2396532747397617e-4	4.8474064134524796e-4	2.515722868284396e-4	0.0012150102839798252	3.9378053707243507e-4	5.426414226529607e-4	0.0013465724427279432	7.483075582937856e-5	3.517200694997397e-5	2.479456923071248e-4	2.154124489887262e-4	7.975217870833611e-4	3.23732808491652e-4	3.451718917602493e-5	5.152243273954695e-4	6.393724676100239e-4	3.527663575874174e-4	5.145482585222235e-5	0.0010122697852879131	0.013836297309473685	0.0034484245480230716	0.004454650437234276	0.008147013105848526	1.6993778107448848e-4	4.3879926758232763e-4	2.3876906930340273e-4	5.110894026235462e-4	4.893853406079964e-4	3.5296306801738423e-4	3.2782025099259193e-4	5.042122279126677e-4	1.0264932583307085e-4	3.8762776439081424e-5	2.0948092802556442e-4	1.1648477932989529e-4	3.2751868911770745e-4	2.0639399210624557e-4	1.6873544290277914e-4	1.7316067498875668e-4	1.958548063553449e-4	1.0523240384342284e-4	4.547608854221852e-5	5.457623986874617e-4	0.005987407066700854	0.002113162254100396	6.409356876529325e-4	0.003118966535458129	1.1783177124217406e-4	2.8887686974079135e-4	9.777062819942302e-5	2.072395052742661e-4	1.2627636376345256e-4	2.2651819349737352e-4	7.48464051054533e-5	6.059498328517572e-4	8.679203624004328e-5	5.245275949355434e-5	1.0211305092601052e-4	8.490651381183848e-5	0.018903301842525953	0.0077665725174811285	0.001726735472096148	0.013090765639445423	0.06516130374757646	0.007381478417169129	0.0025334048881377287	0.09707936467105674	0.38397376884429807	0.07467691557728548	0.043017339575881886	0.20523774304156675	1.2060035071678343e-4	9.686062641900546e-5	8.942195758216566e-5	2.7240641473746393e-4	1.849955194244425e-4	4.351644281940145e-4	1.786697124048231e-4	5.422209631333784e-4	1.2725409899237168e-4	4.22327065828162e-5	1.8530294810335503e-4	1.0140121182039343e-4
17	0	0.9451536365044433	0	0	0	0.010952293364709799	0	0	1.2760663474699073e-5	2.213972651955469e-4	0.04328212609681876	0	0	0	1.4737064454185511e-6	4.468515762413354e-6	0	1.6045609119492885e-6	2.3759391425864554e-6	0	0	3.6786338309547533e-4	6.64378373007746e-4	6.19038242105157e-4	9.626663430650266e-5	3.4743501357508924e-4	4.1264525333713085e-4	2.950225715053213e-4	2.0984758540502693e-4	7.459045039715108e-4	0.007126567306361164	0.002838915505975905	0.0031641578358926627	0.003213640503831527	6.774660655580047e-5	1.6293375713187093e-4	5.206176000082509e-4	2.248659813967466e-4	0.0012615289455974144	4.132729222818921e-4	5.672723184107925e-4	0.0014303820019449399	5.054546847789002e-5	2.9307382100263718e-5	2.7223850550131036e-4	2.1778211589276787e-4	7.279753369712893e-4	2.5927856767337184e-4	1.811666763704989e-5	4.6279357640869586e-4	2.5822978911426776e-4	3.0827466233856657e-4	3.841963638570409e-5	5.752673485026278e-4	0.015212153837581219	0.004528156153451871	0.004949238476619048	0.009386336628405113	1.605320017309178e-4	4.662989194116774e-4	2.410696290613258e-4	5.632263947939004e-4	5.295044844322934e-4	3.8160999583719367e-4	3.555336000661457e-4	5.79709366962471e-4	1.099261468562098e-4	3.830042330049162e-5	2.3059355146397786e-4	1.0155411943726773e-4	3.4540796352227054e-4	1.6420484628367377e-4	1.7329805778502138e-4	1.445499965842362e-4	1.035209929858435e-4	5.474063249587386e-5	4.256875705730144e-5	3.6972290499803e-4	0.0061912580782507555	0.002265752025645028	4.3564204909017884e-4	0.0033554072703586043	1.1611957665701362e-4	2.900014983812872e-4	9.901509138858084e-5	2.2259492865997108e-4	5.2555535617820645e-5	2.0283243455734e-4	3.4446012530453754e-5	6.686868891018919e-4	9.230806945058939e-5	4.9181485721697295e-5	1.2447741898072894e-4	9.603556557097686e-5	0.016394300587057573	0.0069470981470814985	0.001667785830294729	0.012539901260694153	0.047330679371033406	0.0027946702910310933	0.001952809539667503	0.07751255371145326	0.4031911381651103	0.08135776520319267	0.04646363716730833	0.21831384675557405	1.0764299358054418e-4	5.681632907697419e-5	8.590889006717713e-5	3.231181775738525e-4	1.5557786392863184e-4	4.737289747074068e-4	2.067070069687742e-4	5.875473247813014e-4	9.472215548189216e-5	3.635917910211943e-5	2.093998350860271e-4	6.75449047282839e-5
18	2.178306427135194e-6	0.7741933212123108	6.205302905429751e-7	0	0	0.003639653997113066	0	0	2.85843948128867e-5	5.83360541716338e-5	0.22191399947151003	0	0	0	0	2.493361438350038e-6	0	6.735354934399059e-7	0	0	0	1.6013913643219966e-4	6.043879122502335e-4	6.2522878069479e-4	8.565536054173508e-5	4.4041252352233784e-4	0.0010418357010363402	4.133163945197129e-4	1.7491984259122514e-4	0.0013302010307369061	0.006101560881155098	0.0022067396815487	0.0026470862390919245	0.002598526784136755	2.8095980241548096e-4	3.263117848251587e-4	4.397426480505322e-4	3.4541833426901135e-4	0.001133118680947784	3.6380215105140916e-4	5.116621935742241e-4	0.001215686399299148	1.1266674381670278e-4	4.468705348893733e-5	2.240390642757428e-4	2.1319004649588083e-4	9.085172898545267e-4	4.2506028161023936e-4	5.9874022403449365e-5	6.06536407263656e-4	0.0012054907072897314	4.204359497488294e-4	8.093844334071228e-5	0.0016597757360444145	0.012724982405581864	0.003331646430952811	0.003963450028247113	0.007367474696960154	1.83862628382598e-4	4.148438154688783e-4	2.45990630789379e-4	4.5187140224684603e-4	4.3636631894415856e-4	3.163790257988634e-4	2.960398485999123e-4	4.509380195025791e-4	9.224603709694047e-5	5.380685114046985e-5	1.915519805118561e-4	1.6164749932142688e-4	3.044484912278935e-4	2.7298649395701485e-4	1.597837346317248e-4	2.1938658076756172e-4	3.353638944952053e-4	1.8882890845120165e-4	4.988695555332446e-5	8.025976515406054e-4	0.0056083447373961	0.00219405380274328	9.50739472246672e-4	0.0029683544126672783	1.2026993165084495e-4	2.8418161724415444e-4	1.0577725416731991e-4	1.9897917326592898e-4	2.3854169690406366e-4	2.634715637531673e-4	1.4285719730183948e-4	6.293801278577619e-4	7.860179701028008e-5	5.746952243407061e-5	9.428208297502358e-5	8.314767033977878e-5	0.02240508292838325	0.008910853715839554	0.0017924009298329448	0.013744732002172725	0.09102120096226861	0.014195792872168274	0.0033743556111572185	0.1250622799412481	0.3508320463265732	0.06787204121119221	0.03866904759591985	0.18360468643575645	1.569195541587427e-4	1.8153851714955427e-4	1.1021927564560612e-4	2.6786890388816526e-4	2.6141320840865714e-4	4.0201454587484935e-4	1.6535863379808736e-4	5.021144804782723e-4	1.783759564503293e-4	6.789028985994681e-5	1.6512382997987867e-4	1.7402500590520145e-4
19	9.28873888003927e-6	0.7242246089019815	0	0	0	0.002089873139797673	0	0	3.5186609142010244e-6	4.8042774129614075e-5	0.273492891242412	6.02312831678764e-7	0	0	0	2.6771409667301487e-6	0	6.321625007059429e-7	0	0	0	1.2786492558581727e-4	5.869679121944437e-4	6.270014715486409e-4	8.260062324839354e-5	4.670986395419452e-4	0.0012233680348870506	4.473272067141302e-4	1.648363137620361e-4	0.0014986373763444711	0.005803948352051508	0.0020392170074067036	0.00249746487850379	0.002424257648250153	3.433249164385246e-4	3.739827989044146e-4	4.168040156772117e-4	3.8238861619983513e-4	0.001095560498362931	3.495009549024078e-4	4.959252949991008e-4	0.0011533717240604848	1.3074028823283347e-4	4.907554116949568e-5	2.1060002023968715e-4	2.116111614286391e-4	9.6096678375462e-4	4.732576227881758e-4	7.203469018651067e-5	6.482447326747296e-4	0.0014790505414808285	4.5289323570806467e-4	9.366322925314633e-5	0.001972907590093362	0.012043304371960791	0.0030481040302402372	0.003688798575012458	0.006827444210827823	1.9067462577556797e-4	4.007287967511585e-4	2.4791672684153877e-4	4.2037698836463127e-4	4.0972056458451697e-4	2.9774973240451197e-4	2.792071843871381e-4	4.1595949053508497e-4	8.713547877753677e-5	5.885018925446431e-5	1.8078724670046162e-4	1.7945483608496112e-4	2.9293721721419943e-4	3.047225177565983e-4	1.558320196407044e-4	2.4109868235604398e-4	4.0248420998633425e-4	2.2796047268338002e-4	5.202180206671019e-5	9.274077307353055e-4	0.005438712465073151	0.0021888031915662924	0.001100133728662487	0.002865902654505879	1.2151856192387025e-4	2.8242873489551823e-4	1.0817014792836203e-4	1.9277313017365894e-4	2.922769523504241e-4	2.809224775418627e-4	1.7449592431879074e-4	6.222627542500009e-4	7.467422051355194e-5	5.982631401679034e-5	8.655926284983743e-5	7.995152695677704e-5	0.024131120749816153	0.009474969547955745	0.0018274815051264152	0.014076924766416168	0.10361417396847485	0.017488396380081685	0.0037840710279212326	0.13875195037554536	0.3355306406066037	0.0640985836949857	0.03644014124743049	0.17349543254452005	1.719198424615411e-4	2.1856395294191178e-4	1.1787532996770173e-4	2.545263617180805e-4	2.9317256413911006e-4	3.8206499331705046e-4	1.5442623189958944e-4	4.7820245184216964e-4	2.02585893017077e-4	7.74021273299464e-5	1.5295743560479844e-4	2.03696927784623e-4
20	7.350114944439412e-6	0.30694732703765876	4.460353832419174e-6	0	0	0.003743372197733471	0	0	5.848257162053204e-5	1.883336182480413e-4	0.6888899006338561	0	0	0	5.847673639128118e-6	7.783291616052839e-6	0	0	0	0	0	1.4714250685099803e-4	4.423015361258553e-4	6.393281182188279e-4	5.709561545960574e-5	6.85034655947794e-4	0.002681883435586205	7.17358241079663e-4	8.174802117998065e-5	0.0028478478885655785	0.0033181578658815778	9.676912735854661e-4	0.0012448947487739646	0.0010531012007630213	8.617457672305515e-4	7.686025442461206e-4	2.3881538329787737e-4	7.299864215260956e-4	7.81078618333321e-4	2.3325013299615435e-4	3.7346883452577396e-4	6.457480205039897e-4	2.772158145164407e-4	8.566848018671197e-5	1.132106488085789e-4	2.017028362149785e-4	0.0013915470455171557	8.671765143754745e-4	1.709739833912049e-4	0.0010000465289822155	0.0036832862293687276	7.159562767911365e-4	2.0546700295346755e-4	0.004494575508906072	0.007421764039388002	0.0021871858842057307	0.001701969024836523	0.003487395973780361	2.4483216031235205e-4	3.0213990125909013e-4	2.7247951668078854e-4	1.8400297072770062e-4	2.011442106436704e-4	1.536160058516309e-4	1.524956189140433e-4	1.8997619023271333e-4	4.614445989208939e-5	1.1254275431262145e-4	1.0671741534775168e-4	3.475820472320493e-4	2.0252283392660893e-4	5.629411009845655e-4	1.216758970636005e-4	4.2012048275924714e-4	9.445286771447705e-4	5.50440265486638e-4	6.906964447782815e-5	0.0019288214303157065	0.003995566976160476	0.002451062762089385	0.0023084770089544316	0.00223976421098121	1.3099926439287592e-4	2.6499038068312597e-4	1.361150080819196e-4	1.556259366309293e-4	7.290385067269412e-4	4.245071768120031e-4	4.373179239508289e-4	6.763594393267425e-4	4.257172507860479e-5	7.916487303388863e-5	4.829812695578105e-5	6.800897904271585e-5	0.03783110151717172	0.01395229789445033	0.002089497774408264	0.01666558153959192	0.2044831790329528	0.04401999777613568	0.007064501406900384	0.2480206541065651	0.20779332435809195	0.036637362701555445	0.01923956042415533	0.08992026036212539	3.0764884575340193e-4	5.398934604472414e-4	1.9372453698043545e-4	2.1448394902972453e-4	5.803813159293367e-4	2.449334495640121e-4	9.345787506782495e-5	3.13249840872583e-4	4.001799001146605e-4	1.7150005046629534e-4	6.89716181679605e-5	4.783142634499755e-4
21	0	0.2951953716015177	1.2267048084415368e-6	0	0	5.661607005133708e-4	0	0	4.664387519001852e-6	4.67811975918346e-6	0.7042039331335163	0	0	4.474888764828519e-7	0	3.015515206030527e-7	0	0	3.889910477868747e-7	0	0	2.2827320921244535e-5	4.3754907455237927e-4	6.399289116254429e-4	5.622629344499504e-5	6.921374522334203e-4	0.002736308248905537	7.281343182943155e-4	7.884029548030407e-5	0.0028991263911736106	0.003240691081597377	8.462672866868756e-4	0.0012042452030714818	9.852638992368726e-4	8.765547545294375e-4	7.803886761705976e-4	2.3021717111774205e-4	7.305881394107979e-4	7.720724067493393e-4	2.2840297533603072e-4	3.671290720541908e-4	6.283400461911761e-4	2.82043817670377e-4	8.655381855447611e-5	1.0674939557240192e-4	2.0011204540864205e-4	0.0014049858030404077	8.798242712204973e-4	1.7401388949838217e-4	0.0010087704037177309	0.0037642608221239654	7.252506119942642e-4	2.0710791127082922e-4	0.004587542229539544	0.007046583800959892	0.0018045887569497715	0.0015731424916744982	0.0031206060752027656	2.4658418916989437e-4	2.9448903788022033e-4	2.707009079545924e-4	1.7131868032751197e-4	1.9205309788396425e-4	1.4680599060986648e-4	1.4568055716077292e-4	1.6870298185089533e-4	4.433639924688837e-5	1.1109112162249008e-4	1.0047821387102271e-4	3.4741520980270197e-4	1.9736360692468286e-4	5.70989808074488e-4	1.2089871310030762e-4	4.246752594000339e-4	9.636896412160184e-4	5.60163688315532e-4	6.964224297736912e-5	0.0019666187913456395	0.003954045349910685	0.0023739256452191947	0.0023472660325482655	0.0021624752262927936	1.3119318255648356e-4	2.6490572327807563e-4	1.347665559402864e-4	1.5085605683028431e-4	7.438328817317904e-4	4.2836056873141745e-4	4.442616007566371e-4	6.518414625241542e-4	4.130643771615282e-5	7.968824567317425e-5	4.097006382136598e-5	6.40356741234544e-5	0.03838504533428453	0.01413314894568056	0.002104003670106011	0.016783594683782606	0.20833631398207392	0.04499460300118972	0.007190047083632425	0.2522891736099482	0.20420299389520052	0.034944842975137586	0.018441453043520212	0.08737002603431733	3.0857240336015014e-4	5.459525252400657e-4	1.9299427529102106e-4	1.9735534046260206e-4	5.83566871729611e-4	2.3378522229642985e-4	8.438405053799836e-5	3.007638296129722e-4	4.063130895675076e-4	1.706672241703381e-4	6.211225510341824e-5	4.803099636288546e-4
22	2.0318272770171756e-6	0.6079545852691125	1.168452799348141e-6	0	0	0.0016483213671294008	0	0	0	2.0780726100700258e-5	0.39027472592693435	0	0	9.521771411415383e-7	0	1.7726009036543374e-6	0	0	8.653313735393312e-7	0	0	9.47963212283082e-5	5.464738934396263e-4	6.304986585394185e-4	7.545668861567951e-5	5.280785773033245e-4	0.0016336075922164259	5.234795898787854e-4	1.4151130288414613e-4	0.0018783912503414848	0.005108584683515506	0.0017132820771232546	0.002145912873346641	0.002032975984628944	4.87832473167352e-4	4.841379765842949e-4	3.6617943893198305e-4	4.766286626708364e-4	0.0010078908853290072	3.165935984671119e-4	4.60939628815631e-4	0.0010110595030361996	1.717402250978286e-4	5.920857883947359e-5	1.8240188891586255e-4	2.084043648490255e-4	0.0010813783934184276	5.834614670170436e-4	9.967220907394479e-5	7.458424935852583e-4	0.0020986764263348275	5.267641383365847e-4	1.243830074770062e-4	0.002681866227229237	0.010686291813916213	0.002705434482673033	0.0031140491797176815	0.005819046691416139	2.058177653646435e-4	3.718721917856194e-4	2.540568740378756e-4	3.528312327713416e-4	3.5069977965845157e-4	2.5681146403877915e-4	2.429753306675057e-4	3.4879950342535214e-4	7.55081430382175e-5	7.295932248677522e-5	1.5894081944708643e-4	2.248445794196285e-4	2.6699941092700463e-4	3.7692238933341443e-4	1.464010752204848e-4	2.9079513743383883e-4	5.546294220957168e-4	3.179950346004961e-4	5.680007840932569e-5	0.0012092054310346555	0.00503575775618466	0.0022365011150720236	0.0014374383330296619	0.002673798439535982	1.241302724830711e-4	2.776815165692933e-4	1.1534513262044603e-4	1.8135731134662973e-4	4.146273943492508e-4	3.2079104658885843e-4	2.4753357572167636e-4	6.299267367146329e-4	6.562040094223933e-5	6.520345711074884e-5	7.413108248799584e-5	7.558225538802167e-5	0.027996533483966354	0.010738216652795923	0.0019025255415267997	0.01481022440941703	0.13201034113198704	0.02494632871236482	0.004707628617949495	0.16953985607119945	0.29994192144058945	0.05618723559304886	0.031558496905585764	0.15015208267313246	2.0889315295289347e-4	3.072654845357719e-4	1.382140861138349e-4	2.3887292363084937e-4	3.7182397468032974e-4	3.417428766352963e-4	1.3530529551680052e-4	4.3000298154178017e-4	2.5777180173963097e-4	1.0261069781245952e-4	1.2826228959155524e-4	2.7841546057093134e-4
23	2.8556416219940507e-6	0.8663622005681729	1.0732756853969355e-6	0	0	0.0031440169341340825	0	0	3.8703082711076164e-06	8.195853427912642e-5	0.13026931830245447	0	0	0	1.360732457054671e-6	2.8524154893205814e-6	0	0	0	0	0	1.304932874344959e-4	6.365126773640592e-4	6.226206583206175e-4	9.124957538211967e-5	3.922932573231311e-4	7.201670457825957e-4	3.5381195661726326e-4	1.9316698339275534e-4	0.0010326946445112003	0.006650419046853013	0.0024454179881288197	0.002923603650343102	0.0029037510139397486	1.6629660522041856e-4	2.390877900557957e-4	4.7885149032680924e-4	2.680805178432714e-4	0.001202620690813594	3.8930202384456305e-4	5.384783345579573e-4	0.0013277273908514652	8.022707056896383e-5	3.650946707191285e-5	2.4528495086386087e-4	2.149986521307075e-4	8.137188512766753e-4	3.382812634367183e-4	3.808614064260395e-5	5.287922993559759e-4	7.192091378938324e-4	3.62421508593399e-4	5.617792557246784e-5	0.0011035030437448491	0.013736341532257864	0.003515413485147929	0.00439985731740616	0.008098637372062142	1.7183644804750743e-4	4.36381227744952e-4	2.4035886258131356e-4	5.038935827888886e-4	4.8233305676917746e-4	3.481537113721535e-4	3.239164238515444e-4	5.003206448578191e-4	1.0115988175264267e-4	4.170484747087516e-5	2.0765793550161824e-4	1.240015658636267e-4	3.245357635647881e-4	2.1587188186822758e-4	1.673395585306233e-4	1.798163666751078e-4	2.156185486892311e-4	1.1749017762299127e-4	4.6094191029687365e-5	5.81720155007568e-4	0.00592766160517638	0.0021375408906449986	6.839908206370508e-4	0.0031069873130838096	1.1812771256119253e-4	2.880029143445095e-4	9.945597424010515e-5	2.0693556015120143e-4	1.4215053902742218e-4	2.3161318604615478e-4	8.470362019941394e-5	6.162422700952652e-4	8.562179241193079e-5	5.314183369947071e-5	1.0252676748632715e-4	8.551521532409201e-5	0.01938390546855955	0.007923671562201596	0.0017347193118201526	0.013171295980536527	0.06877161274830286	0.008342387317374165	0.002650741361989624	0.10096281109456738	0.37904311116042455	0.07390788661474114	0.0424534896262458	0.2020605728322362	1.267044227615512e-4	1.1030362674944298e-4	9.329207217607072e-5	2.761295321475321e-4	1.9775611707965163e-4	4.318146677109251e-4	1.7840865984762507e-4	5.381848469763105e-4	1.3452095998134784e-4	4.679567791288823e-5	1.8334318525881614e-4	1.125049418485028e-4
24	9.573975369763917e-8	0.9700893786417211	0	0	0	0.0020627485275859793	0	0	5.594251744490425e-7	1.8476150824696513e-5	0.027782390631513137	0	0	7.147097241088545e-8	0	1.400265094703919e-7	0	2.768584944456145e-8	0	0	0	4.6111700095684075e-5	6.724212649677795e-4	6.196658162491594e-4	9.746046203275145e-5	3.385619704714541e-4	3.604978199318298e-4	2.8738329821464563e-4	2.134514089592971e-4	7.001813240609886e-4	0.007263524082541922	0.0026910759851705296	0.003232825371024861	0.0032381010353237038	3.7095933777953496e-5	1.4096298213710584e-4	5.220131596449079e-4	1.7930881784077255e-4	0.0012808386383467223	4.175330304199552e-4	5.67899307695414e-4	0.00145336638960553	4.3685081618022656e-5	2.7340082748692327e-5	2.684252473274839e-4	2.1698014692447855e-4	7.07185870161461e-4	2.4076982684852414e-4	1.3475171495579997e-5	4.4151519953919877e-4	1.753297001898714e-4	2.974551308834413e-4	2.79217960809712e-5	4.8138713314158164e-4	0.01483091257196791	0.0036531115425191725	0.004877904054498671	0.008871309973411973	1.5815067222377642e-4	4.5953864469616424e-4	2.3332787589487914e-4	5.614346969835019e-4	5.335244652707137e-4	3.834623708062653e-4	3.5477198441733967e-4	5.534478592681485e-4	1.1101505023840445e-4	2.7466268503927355e-5	2.2491647741719201e-4	8.111918462133766e-5	3.461918937693014e-4	1.514275986269425e-4	1.7583552667866634e-4	1.3506968850486142e-4	8.132821652154945e-5	3.71340344960536e-5	4.179447767807207e-5	3.3486131424784925e-4	0.006283905143254522	0.002053422684342249	3.8434125495912414e-4	0.0032500971661374796	1.155660844441354e-4	2.92257887427793e-4	9.18097871402186e-5	2.150730700652397e-4	3.425633723177167e-5	1.957696646305781e-4	1.9007998335537434e-5	5.972292228818048e-4	9.335774568512978e-5	4.827819969115065e-5	1.1061232317597653e-4	8.750108985999632e-5	0.016015227837125723	0.006822738526157732	0.0016711131779106859	0.012544458670169406	0.04391393794494867	0.0017958026176415041	0.0018422860077277603	0.07405539541124548	0.41079592439220364	0.08054070934764815	0.046667976440824745	0.22279491200387394	9.196447014234517e-5	2.9497480236295784e-5	7.365679217217352e-5	2.8283813860699084e-4	1.2541939977142043e-4	4.641286443441118e-4	1.9185515901298412e-4	5.777830050403556e-4	8.517962536090509e-5	2.2661138194149526e-5	2.028997277271944e-4	4.445344916126787e-5
25	1.0793518530485376e-5	0.8263032569816972	0	0	0	0.005484206010102615	0	0	2.7561920304167674e-5	2.1745188239392232e-4	0.16746565363157814	2.032590966688758e-6	0	0	0	1.3835538922029475e-5	0	1.571282722475543e-5	0	0	0	4.594950982801175e-4	6.22715985884631e-4	6.234138975038021e-4	8.935868451035394e-5	4.1213927624551334e-4	8.501916555344471e-4	3.7732537568738514e-4	1.8670583049333806e-4	0.0011522541800627803	0.006432671086559341	0.002418352105033001	0.0028125377385691632	0.0027974899065434265	2.1743941828389525e-4	2.771764171713396e-4	4.6574832528389453e-4	3.0968062442907545e-4	0.001172439798976042	3.812103954893086e-4	5.308220078936e-4	0.0012810048305744173	9.50140850949622e-5	4.06132488638887e-5	2.399067165825111e-4	2.169489855115108e-4	8.532150933075049e-4	3.7471752146156636e-4	4.779921449657757e-5	5.628348853554182e-4	9.167197562622978e-4	3.8613808076525034e-4	6.860352973848221e-5	0.0013291198474146939	0.013475450734500525	0.0036930879356750156	0.004262949718196787	0.00797330405590452	1.7810930397850518e-4	4.317852806050935e-4	2.4626559275619175e-4	4.852124571419205e-4	4.6448997807903503e-4	3.3612923739576294e-4	3.1391744038598737e-4	4.886825749349738e-4	9.873663647751311e-5	5.024013071975374e-5	2.0500481740339636e-4	1.452130963936851e-4	3.189746363384789e-4	2.4214087492031814e-4	1.6408461865670068e-4	1.9875778442215243e-4	2.6645614452046947e-4	1.493954427121937e-4	4.8022777660325867e-5	6.706539687594558e-4	0.005801853660879126	0.0022336573156027362	8.000951842902658e-4	0.0030932000175640166	1.1994996015725874e-4	2.867844782244818e-4	1.0473738243435602e-4	2.0738656759357058e-4	1.820702724249587e-4	2.468412854962653e-4	1.1190505942811291e-4	6.407721023371941e-4	8.354430479265358e-5	5.5395043232096906e-5	1.037835060549851e-4	8.810195139755724e-5	0.02057294840250235	0.00831197365271654	0.001754782999918074	0.013378466573255058	0.07770394241106492	0.01072039618235028	0.0029414392916654675	0.11056870713386449	0.36676921496979087	0.07191159143835617	0.041012878971631264	0.19417399034857422	1.4344782970845176e-4	1.445435971321498e-4	1.0334150668484772e-4	2.830083395658856e-4	2.2843210088856704e-4	4.255484644552661e-4	1.7889443483680347e-4	5.274234465535037e-4	1.549848569695441e-4	5.8981824631923134e-5	1.8025523692217303e-4	1.4135414579798615e-4
26	1.4394693079839814e-7	0.9562342542489586	0	0	0	9.888088630180913e-4	0	0	1.8512605813105798e-7	3.053692585046023e-6	0.042730701207735415	0	0	5.8539382649627043e-8	0	1.2588259310062619e-7	0	0	8.119090379486209e-8	0	0	4.258730183428313e-5	6.675358783135973e-4	6.202345932875606e-4	9.664979016613793e-5	3.4629650441314765e-4	4.1326953421656683e-4	2.9740505757654915e-4	2.106942660238127e-4	7.493050565228476e-4	0.007181970979482482	0.0026308620203269965	0.0031912424923159917	0.0031863285246054914	5.458054223769195e-5	1.543676297109997e-4	5.151622773701812e-4	1.8797326502510584e-4	0.0012704442718461581	4.1364842064880536e-4	5.6330238847799e-4	0.0014355584767853213	4.897221183571884e-5	2.8665779936509288e-5	2.6418386200278195e-4	2.1680277477239372e-4	7.220671616278251e-4	2.544699785077775e-4	1.700939065463885e-5	4.5311142845083966e-4	2.5456769397549277e-4	3.0678659502234344e-4	3.125547218758406e-5	5.721455539110666e-4	0.014595636659811305	0.003508677526021385	0.0047882397475630415	0.008670348489808317	1.6024657391545014e-4	4.5488805457106617e-4	2.3363514969561468e-4	5.515421275436511e-4	5.255144506418319e-4	3.77808161840401e-4	3.494913560936317e-4	5.408406189053412e-4	1.0964707751597628e-4	2.848451650580377e-5	2.2143061863079579e-4	8.567211023072598e-5	3.429341015596163e-4	1.607006708713392e-4	1.7481106370530446e-4	1.4146131386059803e-4	1.0085287726841136e-4	4.826906761112093e-5	4.244859691609284e-5	3.7120560912434254e-4	0.006238647275490161	0.002039129237024331	4.2764223974173774e-4	0.0032119077344560988	1.1601743772297203e-4	2.919502448825123e-4	9.22071401100026e-5	2.128204089549625e-4	4.971608300927126e-5	2.009544227392516e-4	2.8038751489973536e-5	5.905522086389395e-4	9.229881175837337e-5	4.901547197253961e-5	1.0739440425822563e-4	8.611886181516593e-5	0.01652453752908771	0.006989092661116614	0.0016822192951377133	0.012649770485534914	0.04758677096419163	0.0027494204552503346	0.0019618661516202477	0.07806431527793758	0.40654947872398145	0.07931674300273468	0.04599123550613462	0.21995496072306142	9.576820698649172e-5	3.9334715004035e-5	7.531324390768957e-5	2.7602355487887594e-4	1.3325329422587243e-4	4.5761703370260506e-4	1.8767444832624031e-4	5.697706151966995e-4	9.232373063190546e-5	2.488861823153012e-5	1.9893582078240392e-4	5.261879104140391e-5
27	2.174153247916433e-6	0.9135588870788343	0	0	0	0.009392479329633023	0	0	3.260268069912805e-6	1.2211207917477837e-4	0.07658244899058107	0	0	4.875572901703097e-7	0	3.280452301313845e-6	0	3.154490680631233e-6	0	0	0	3.3171560018699245e-4	6.531828996866048e-4	6.201443819240788e-4	9.427789365238548e-5	3.645865393290682e-4	5.299292444745481e-4	3.171081737960564e-4	2.034065075854483e-4	8.549003774128641e-4	0.006936210346119065	0.002710615660187069	0.0030683356571768166	0.0030946864148352995	1.0730598906013035e-4	1.932661434100017e-4	5.054667056798854e-4	2.4669249749565374e-4	0.0012378070503378483	4.0401447693843933e-4	5.568763456698019e-4	0.00139048761762233	6.215246636616442e-5	3.2138516048526444e-5	2.6314134075733055e-4	2.1684464067992312e-4	7.612746496789747e-4	2.8991023144324634e-4	2.576838840424479e-5	4.890778529312418e-4	4.347807880177491e-4	3.2913302829704175e-4	4.6180096632945876e-5	7.774299419238717e-4	0.01473593103052693	0.0042762419943642785	0.004761881119123383	0.008991570033734	1.649054839800865e-4	4.564953533363442e-4	2.4187529128827468e-4	5.422294589795539e-4	5.120870143508465e-4	3.6934837090587614e-4	3.4433525601492115e-4	5.549011839766224e-4	1.0664643563018173e-4	4.1025893051945824e-5	2.2309579269300057e-4	1.1225856247071208e-4	3.375442189340766e-4	1.842088983423581e-4	1.7072962280588122e-4	1.582050592394866e-4	1.467610926863093e-4	7.964926635818114e-5	4.393654349442942e-5	4.504811726405959e-4	0.006082740178982951	0.0022422975468422536	5.309387886752616e-4	0.0032773597646093156	1.1690740519272007e-4	2.889756132753194e-4	1.0016771023919017e-4	2.1805567792523243e-4	8.7061324370677e-5	2.1394854679241456e-4	5.4422010580482096e-5	6.596398468776837e-4	8.978573277256811e-5	5.0718712322953584e-5	1.1845313744466482e-4	9.345262523993841e-5	0.017518149917949602	0.007314134479189995	0.0016913537768941526	0.012763622890915271	0.05548560400370262	0.004919765544784913	0.002218180831962836	0.08639492650676175	0.39352052938365373	0.0787986670846281	0.045001153021224816	0.2118828984923997	1.1665823806587724e-4	7.976430629056774e-5	9.024822435592801e-5	3.118201800339881e-4	1.7484965493165362e-4	4.599794993327025e-4	1.9857966615629373e-4	5.711655948464716e-4	1.1029908704469319e-4	4.194068983153128e-5	2.0098018695712086e-4	8.63270988715701e-5
28	3.5680163832705887e-6	0.6997145721866727	2.130439020066215e-6	0	0	0.0021674727238490477	0	0	2.580062448301608e-5	8.554953877937176e-5	0.2978140566701879	0	0	0	0	9.294002886070893e-6	0	1.0153342897374024e-5	0	0	0	1.674024548412808e-4	5.784893349924882e-4	6.277393991504938e-4	8.117851874005425e-5	4.80025431952619e-4	0.001308843070535241	4.631499636968261e-4	1.6014506247526573e-4	0.001577683664118139	0.005661159811687842	0.001982084542991332	0.0024244353132133393	0.002346861519520085	3.739547185272736e-4	3.972467496307739e-4	4.066244383069066e-4	4.0304067207788186e-4	0.001077157889728364	3.4314974547823286e-4	4.8916936663317e-4	0.001123678046721789	1.3952188379548808e-4	5.137795139557037e-5	2.0514670720586865e-4	2.1164442440108752e-4	9.862169862522318e-4	4.964427928886435e-4	7.796171894232437e-5	6.69101312706674e-4	0.001608129952527706	4.683120194969974e-4	1.0034870915739498e-4	0.0021205669388241343	0.011774442048217381	0.0030045887029023174	0.00357269127057606	0.006635599874072959	1.940892943227817e-4	3.952316831816614e-4	2.496900052328353e-4	4.0652102787424726e-4	3.974914006902907e-4	2.8935017650784134e-4	2.717750760366198e-4	4.0267836258240356e-4	8.494801114926616e-5	6.22505125618347e-5	1.7681806781910791e-4	1.9000346850999545e-4	2.879389033375337e-4	3.202597339901927e-4	1.5385187474001506e-4	2.5204452357571787e-4	4.345314182129606e-4	2.4710136758546777e-4	5.308012405517211e-5	9.860540412074366e-4	0.005356948255761437	0.0022103812190639085	0.0011718987509425024	0.0028327166566098757	1.2223715940216115e-4	2.815309501854989e-4	1.100101322103721e-4	1.9085363430538466e-4	3.179682581146888e-4	2.8979378925283756e-4	1.9035373475191763e-4	6.258773420564531e-4	7.291852849196031e-5	6.107098529142982e-5	8.450162545582077e-5	7.952211434152116e-5	0.024932753980140193	0.009736821255311152	0.0018428111707647257	0.014233308509124317	0.10951706349849935	0.01904184399525744	0.003976090649782374	0.145144401878191	0.32802075008024284	0.06248780291132396	0.03543194424090477	0.1685881550205549	1.8014955307134496e-4	2.3764729656093272e-4	0.00012247211171843479	2.52198132430048e-4	3.10002739893198e-4	3.745298259675895e-4	1.5118040560998492e-4	4.686628887436388e-4	2.1459952501782283e-4	8.324646494052798e-5	1.483909964871647e-4	2.2097010301168728e-4
29	1.056420254939068e-5	0.8733010170679764	0	0	0	0.006754330463153587	0	0	4.4132699978067944e-5	1.0240624417201308e-4	0.11950099970047787	1.3135093943391092e-6	0	0	0	3.3564176570880272e-6	0	0	1.114860917790464e-6	0	0	2.807648337234981e-4	6.39151940110252e-4	6.21864842936977e-4	9.18652264343726e-5	3.873164225119381e-4	6.813800375644673e-4	3.4580077951278093e-4	1.9519367706799347e-4	9.957495758753621e-4	0.006696620984673651	0.002545726886079792	0.002948730925737381	0.0029472771210736154	1.576781263291999e-4	2.3193098406696676e-4	4.85715998771626e-4	2.727993605924558e-4	0.0012077963263020953	3.9265042363826106e-4	5.435488237773862e-4	0.0013393768531763399	7.711042135057041e-5	3.601701253816409e-5	2.5105259674159427e-4	2.164475408890901e-4	8.044699888411433e-4	3.2958854010545755e-4	3.590095694134188e-5	5.236947772575866e-4	6.623347583934693e-4	3.559914304159149e-4	5.590027814544684e-5	0.0010380146487193422	0.014084788876206449	0.003905541061421526	0.004512192031609175	0.008445870872964981	1.7065057108646875e-4	4.433159692875457e-4	2.4266150468669584e-4	5.144185828995114e-4	4.89327712107109e-4	3.5341891981952587e-4	3.295623796651084e-4	5.205949031221629e-4	1.025703321589673e-4	4.414574761482918e-5	2.1327116973514828e-4	1.2631386826689135e-4	3.27976544479737e-4	2.107027626817544e-4	1.6772067492559162e-4	1.7676850760398564e-4	2.0250470128260585e-4	1.1156104458179126e-4	4.5735864363403716e-5	5.547279834187496e-4	0.005948536115398597	0.0022104150455496104	6.568738371027761e-4	0.003174379415623018	1.180096768748825e-4	2.878366268204471e-4	1.0134627170125889e-4	2.1170598625708598e-4	1.3192473652140697e-4	2.2905872324116008e-4	8.04818321616596e-5	6.441253987461589e-4	8.656799457091988e-5	5.282430060536365e-5	1.0985778138006166e-4	8.975101432497637e-5	0.018975368027542218	0.007790181535153825	0.0017226305408376858	0.013073796921751589	0.06601309848210322	0.007658210323714357	0.002560798606713101	0.09787344944919998	0.3811787517508381	0.07537502779505464	0.043088696341918885	0.203659499331465	1.277228583617892e-4	1.0846466028175169e-4	9.528486599618175e-5	2.9451806557368907e-4	1.9850794053773518e-4	4.419567369146378e-4	1.8744130774634604e-4	5.494253743153534e-4	1.3064158123842008e-4	4.8993437627403096e-5	1.8972345615093794e-4	1.1307499515547323e-4
30	3.4154042520906657e-6	0.8031097348899612	0	0	0	0.005416071259815885	0	0	5.4318846486545454e-5	2.464456116924409e-4	0.19090368010606132	0	0	0	0	1.3521690303628969e-5	0	1.0769958011038361e-5	2.6715653844696584e-6	0	0	2.393706680313133e-4	6.147137426264338e-4	6.242552257605639e-4	8.75676099895098e-5	4.2465304613630906e-4	9.326134285113896e-4	3.9266814311978267e-4	1.8102184610225332e-4	0.0012285798293774504	0.006280720679492434	0.0023454526846646917	0.0027375263239729684	0.002716880042348902	2.44827783807426e-4	2.985084621971803e-4	4.542933016772922e-4	3.2668037234614587e-4	0.001155046054803088	3.7294228082024355e-4	5.219897940334276e-4	0.0012527376918802231	1.021023871873725e-4	4.222343092271682e-5	2.3299436175942102e-4	2.1464543204905692e-4	8.777107885980308e-4	3.969713286451664e-4	5.296480777718369e-5	5.827535101608423e-4	0.0010411045494503849	4.0104885794895205e-4	7.41159966504067e-5	0.0014714742512494895	0.013192623609025582	0.003617491541442846	0.004145106685788247	0.0077685244017400325	1.800438913762596e-4	4.24662733348909e-4	2.4581161112361387e-4	4.7179532276548156e-4	4.5273293902746577e-4	3.2801280878110603e-4	3.0670992094246027e-4	4.754118134989287e-4	9.549027988991915e-5	5.184842742200075e-5	1.992215243575116e-4	1.5290785333799012e-4	3.120653894398453e-4	2.5496347685403367e-4	1.6214246362318544e-4	2.0722446249171189e-4	2.9542767971367745e-4	1.6608640220792993e-4	4.866519092634231e-5	7.272566332851749e-4	0.005711949755596755	0.002236073033943329	8.646950509376171e-4	0.0030529216160139505	1.1970227494104918e-4	2.8517356536608186e-4	1.0513535210840659e-4	2.037783576813668e-4	2.0675614872366153e-4	2.537415015350068e-4	1.2505413187344398e-4	6.410924080908792e-4	8.104619735737732e-5	5.6132997911143215e-5	1.0067726907784914e-4	8.612835068897608e-5	0.021351946640210652	0.008566890132092168	0.0017698315313943117	0.013535781614671926	0.0834083282120203	0.012217258541430564	0.003126625142373737	0.116757325840534	0.3596714720107035	0.0703277556395586	0.0400443860324499	0.18951755216022614	1.492356386096675e-4	1.610139413346891e-4	1.0669337831099069e-4	2.800814782817004e-4	2.443136538904014e-4	4.1586275621339325e-4	1.7398360286029262e-4	5.181236367989196e-4	1.643488301338832e-4	6.337880059013958e-5	1.7364158929181469e-4	1.580960716788294e-4
31	7.824860662078115e-6	0.8856466954426612	0	0	0	0.0023384017791369927	0	0	3.9704099897801595e-6	1.299980935742149e-4	0.11172731033472641	0	0	1.5641656270823984e-6	0	8.720614556037161e-6	0	4.738095259786931e-6	0	0	0	1.3077620380647786e-4	6.432114294944398e-4	6.222480226723161e-4	9.24658004140193e-5	3.8257315242217464e-4	6.553053452838805e-4	3.4196796479667554e-4	1.9702107755138792e-4	9.728937704256757e-4	0.0067679462398011914	0.002487244313105697	0.002983173265726978	0.002967882156401291	1.424720419862935e-4	2.2102039102255136e-4	4.8657762888686926e-4	2.501951545733361e-4	0.0012174500276404738	3.9488079210270354e-4	5.440461281872877e-4	0.0013507886630966647	7.37390856610742e-5	3.4918028514470665e-5	2.491818860427588e-4	2.1566119006889063e-4	7.941249445517823e-4	3.206093578366008e-4	3.373185244566396e-5	5.125811594861479e-4	6.207636095061934e-4	3.5059531284921115e-4	5.080652115464899e-5	9.909390373501977e-4	0.013899774853773273	0.0034922156504267874	0.0044780452855128165	0.008201977311458686	1.6958479565162927e-4	4.4017839140511324e-4	2.3896980150711408e-4	5.135530714421558e-4	4.913544595638412e-4	3.54369436342542e-4	3.291678892780857e-4	5.07632335049258e-4	1.0307542677519353e-4	3.8777484848182685e-5	2.1054469135039212e-4	1.157403177753945e-4	3.2854555682600975e-4	2.044682807020671e-4	1.6898152322830447e-4	1.7188116193082718e-4	1.9146990549843827e-4	1.0283948126795207e-4	4.5359753171235026e-5	5.371897137425255e-4	0.005998362327238814	0.0021184412317631247	6.314043088714292e-4	0.0031293571234998663	1.1781878763132278e-4	2.889983820968535e-4	9.787028527380383e-5	2.080533025835175e-4	1.2268052672730897e-4	2.2543574785955527e-4	7.295084359925623e-5	6.085744845422045e-4	8.711676985604944e-5	5.231882523246481e-5	1.031324913224057e-4	8.547726055249642e-5	0.018781792298567638	0.007726876114570731	0.0017239944499067145	0.013063774500573248	0.06429352963758936	0.007157442629424809	0.002505180405548294	0.09612905304408806	0.3849355141855103	0.07498565424234642	0.043181528789686494	0.20588562674304084	1.2004539552240647e-4	9.491720590144367e-5	8.926262961177937e-5	2.745581942878499e-4	1.8343976745692752e-4	4.370613885858002e-4	1.8002301007856238e-4	5.442993256117156e-4	1.2580308041088844e-4	4.192057374198358e-5	1.8654259700208022e-4	9.945515826971954e-5
32	1.1331299589555252e-6	0.885449045139898	0	0	0	0.005533631736249656	0	0	7.5593717052364714e-6	1.9578735822891157e-4	0.10856106463242654	0	0	9.75461725963515e-7	0	4.409052231094172e-6	0	3.241299826262859e-6	0	0	0	2.4315281774935695e-4	6.43179773163155e-4	6.216392011947216e-4	9.25341358625684e-5	3.810738731327148e-4	0.00064330812913690005	3.389930059015049e-4	1.9745245783460273e-4	9.60873576447698e-4	0.006770256585317316	0.0025625675004871443	0.002983328751102988	0.002987395223818906	1.4255755442440466e-4	2.205823449891612e-4	4.897666948022494e-4	2.592710387706923e-4	0.00121690144843026	3.9568357560722836e-4	5.462167711954956e-4	0.001353035870767929	7.30868183966186e-5	3.483358625978789e-5	2.5259181075500207e-4	2.1609716166521488e-4	7.923659035791019e-4	3.188041653629991e-4	3.3264689402502925e-5	5.127274528502618e-4	6.04177878771675e-4	3.489225749009553e-4	5.2227530628927774e-5	9.716207907470682e-4	0.014135594710428705	0.003826536926556376	0.0045452198244578645	0.008458424670471823	1.6924407132724785e-4	4.446485222555027e-4	2.411945340601531e-4	5.191874645842961e-4	4.942496612597751e-4	3.5666733733876106e-4	3.320558449049279e-4	5.218807159814495e-4	1.0353044848908413e-4	4.152533157895339e-5	2.1412413106394388e-4	1.1952726251207254e-4	3.299674064277541e-4	2.0343878461896037e-4	1.6873343329473845e-4	1.7135544174094985e-4	1.8800303031371943e-4	1.0235354384703079e-4	4.526961235571075e-5	5.286445020385516e-4	0.005994571562334257	0.0021885099725592475	6.234594878810023e-4	0.0031797406032321	1.1778145430074588e-4	2.885292734882579e-4	9.98559564136363e-5	2.1150532193476586e-4	1.1996799075354963e-4	2.2485643399220172e-4	7.287510250247897e-5	6.332230718122775e-4	8.740346341061093e-5	5.2227863499384646e-5	1.0892677906945696e-4	8.87878413013016e-5	0.01862957123754465	0.007677195793119586	0.0017172255269999352	0.01300746045640477	0.06339950371332725	0.006958407283227632	0.0024758869479268295	0.09507247188356464	0.3848874552705727	0.07586468683742716	0.04347218636874184	0.2060322863150161	1.22770504096845e-4	9.795859918033908e-5	9.204358591589196e-5	2.899667180609904e-4	1.8821913111567192e-4	4.4336861767597485e-4	1.8659082858012692e-4	5.512831305417836e-4	1.250218474095349e-4	4.4866754351668154e-5	1.9063006144123674e-4	1.0200531722816412e-4
33	6.257107763717792e-6	0.7677421787231125	1.2436170123638518e-6	0	0	0.0031377089699820542	0	0	1.1386384786914359e-4	3.5148299832036447e-05	0.22886824557378857	0	0	7.520808963290699e-7	0	1.7454540962598422e-6	0	0	0	0	0	9.28563256470899e-5	6.022288117945347e-4	6.256073892403059e-4	8.518207380354651e-5	4.448267260636521e-4	0.0010664373581724678	4.180162080723033e-4	1.7332525752999678e-4	0.0013530800332913785	0.006059056595555373	0.002173609165538065	0.0026280086450898073	0.0025723777624455813	2.88618097561991e-4	3.3233134063099775e-4	4.3612495719789595e-4	3.489678588045433e-4	0.0011286373176403795	3.618784601597162e-4	5.091985165338288e-4	0.0012078015901740278	1.1478836160298478e-4	4.549532046482413e-5	2.2179073530084897e-4	2.1367236597013818e-4	9.157272566701897e-4	4.3151461677975425e-4	6.141768959015711e-5	6.133070769255506e-4	0.0012423713294663072	4.247836649050892e-4	8.22685390006549e-5	0.0017020182523572564	0.012610354194669297	0.003257691810644555	0.003921602961531943	0.007270471121539582	1.8449167212061725e-4	4.12241187575221e-4	2.4562545293877955e-4	4.473566842315726e-4	4.32703680008829e-4	3.1394017478313167e-4	2.937503925456798e-4	4.45266457894811e-4	9.14961265441344e-5	5.405424120670416e-5	1.8975834965635817e-4	1.647316327052789e-4	3.0250441573928565e-4	2.7688851249725105e-4	1.5926908766955453e-4	2.225888579446971e-4	3.4397316860082034e-4	1.9360720364932125e-4	5.00885561496364e-5	8.195552969376446e-4	0.005583704070520581	0.0021836488178435427	9.724036598056087e-4	0.0029497032833857148	1.2023492516483689e-4	2.838295546462817e-4	1.056370813959818e-4	1.9755315039012816e-4	2.463232655445987e-4	2.663241635131562e-4	1.4700298387022065e-4	0.00062676987280910635	7.78985375585321e-5	5.786649029390547e-5	9.263405674285653e-5	8.239947203214449e-5	0.022645180119147398	0.00898910380025261	0.0017977229506159751	0.01382006949376579	0.09272968941148338	0.014639439053866015	0.003429845851978538	0.12692697383888998	0.3488482450818088	0.06729487542625201	0.03837119919639423	0.18228091210346237	1.582086134021814e-4	1.8577018380833696e-4	1.1075714072650754e-4	2.649370073763257e-4	2.6535809722309436e-4	3.9923111219081946e-4	1.63604252401302e-4	4.992586129266028e-4	1.81570015710634e-4	6.94391824139794e-5	1.629349081544023e-4	1.8326054227397955e-4
34	0	0.9206114096949585	0	0	0	0.002466487409629589	0	0	1.3361534429230496e-6	6.834492148367355e-5	0.07669300222339316	0	0	8.876896649493678e-7	0	3.570884125636458e-6	0	1.2673330543451026e-6	1.1250139600105643e-6	0	0	1.5256867628718495e-4	6.552690181754926e-4	6.210718702754187e-4	9.465008978780719e-5	3.6418533171311227e-4	5.321793898341072e-4	3.191018822147517e-4	2.0409008219545469e-4	8.58897647253772e-4	0.0069758975555763506	0.0025775728550578533	0.003086655288298604	0.0030809160497483543	9.914688053576892e-5	1.879638715054895e-4	5.017898974079583e-4	2.2190420503785308e-4	0.0012435655501248659	4.0467520132907744e-4	5.54446219110726e-4	0.0013933819100204138	6.148040475526387e-5	3.1877353132710715e-5	2.577050585523429e-4	2.16663388329311e-4	7.57953078338805e-4	2.873258924190858e-4	2.5407099999980003e-5	4.830548988371343e-4	4.348873552692981e-4	3.2844380177247733e-4	4.156763058250418e-5	7.782647097594018e-4	0.01430579769889868	0.00358373935253465	0.004648877351258847	0.008498222538062946	1.650570515241996e-4	4.4882633823337484e-4	2.3718072307824092e-4	5.337960747206816e-4	5.090152123325163e-4	3.665575229331567e-4	3.399530984367166e-4	5.276370899423713e-4	1.0661751173370151e-4	3.4574590605519465e-5	2.1708898312602817e-4	1.0206152846558286e-4	3.364011434459502e-4	1.8292608052218414e-4	1.7189196652513743e-4	1.5697947478023606e-4	1.459109190160203e-4	7.588301288388346e-5	4.395675201644583e-5	4.526724671100909e-4	0.006117914913260531	0.002096746199126635	5.284624736238436e-4	0.003182660954733943	1.1705083527770723e-4	2.904660715954431e-4	9.57346791034567e-5	2.1151153179191568e-4	8.574361381864875e-5	2.1333676481787782e-4	5.08921917109691e-5	6.060198622465734e-4	8.987991812295232e-5	5.0723894892666665e-5	1.0680264098081341e-4	8.682649882615765e-5	0.017623126214274386	0.007348167053866391	0.0017016047642157022	0.012843487102690447	0.05577785245256184	0.0049199866458103135	0.002228252634258267	0.08689822360071939	0.3956453846682493	0.07735405363527022	0.044647600678716266	0.2129007728377956	1.0894804209942665e-4	6.833944288550346e-5	8.318087662943793e-5	2.791055888040695e-4	1.5970460072018016e-4	4.4913816067052183e-4	1.856461481464848e-4	5.586400686170034e-4	1.0930568159263716e-4	3.43488262699556e-5	1.9400971550045267e-4	7.673156196428795e-5
35	2.5285057815507393e-6	0.8039684326594376	1.8317038073506324e-6	0	0	0.005547742407549683	0	0	2.500241855135698e-5	5.2264549897911e-4	0.18969087039007076	0	0	0	0	1.3069841429186755e-5	0	1.8159510336433554e-5	0	0	0	2.0971706405690127e-4	6.149341285439722e-4	6.242827604613598e-4	8.74871243709314e-5	4.236977321475851e-4	9.284475110564495e-4	3.9185377453324847e-4	1.810521854991231e-4	0.0012247045284246554	0.006289724806918381	0.002379575253274867	0.002740918431320578	0.0027374037741677458	2.432901887756011e-4	2.9734518968119346e-4	4.5473674389583834e-4	3.2586833064907235e-4	0.0011556399201697917	3.7315571593802226e-4	5.221166895502329e-4	0.0012538005758628218	1.0150770658958945e-4	4.191546450081454e-5	2.3311361773513972e-4	2.1392076603492536e-4	8.763338667867324e-4	3.962014494099019e-4	5.280636629063469e-5	5.816435176774962e-4	0.0010346679291171805	4.0027241270625027e-4	7.39949172722727e-5	0.0014641122464513583	0.013217912556937172	0.0036738589958435464	0.004154875265078462	0.007808350026632149	1.7979164620710811e-4	4.250875812884643e-4	2.456671459338947e-4	4.7263191898834196e-4	4.532979386888222e-4	3.284640095856743e-4	3.0708005565937137e-4	4.766842377543238e-4	9.537143408265772e-5	5.1594490169749104e-5	1.9947368625173248e-4	1.5202546766304392e-4	3.1191938134689077e-4	2.538352176822559e-4	1.6202411546561876e-4	2.0622079314422796e-4	2.9361800315698823e-4	1.6504066220036193e-4	4.8542272807924035e-5	7.242487876349201e-4	0.005719967814160791	0.002263695501776497	8.622821800254271e-4	0.0030699198716553776	1.1960610778571099e-4	2.850981600274195e-4	1.0507854054722536e-4	2.0378440095730743e-4	2.055959443590157e-4	2.53212118667848e-4	1.2446629066732576e-4	6.418524320602652e-4	8.101706837279805e-5	5.5951257552349734e-5	1.0115390775223102e-4	8.601062154739954e-5	0.021305743552265947	0.008551989739686097	0.0017683524351391725	0.013515001069872176	0.08310049188931774	0.01214024556348062	0.0031165288142334783	0.11641460424064569	0.35991557551453107	0.07045881176941489	0.04008644575159199	0.18971490790499307	1.488092481989162e-4	1.6005491432215317e-4	1.0645743580987114e-4	2.809403645419837e-4	2.43723098873716e-4	4.1604560344390236e-4	1.741801618605243e-4	5.185837034383238e-4	1.6335151367580868e-4	6.284857088186535e-5	1.7373962626012922e-4	1.5573397556855904e-4
36	8.529306576567072e-6	0.9736801411598509	0	0	0	0.001801896719423182	0	0	2.7367964417823526e-6	1.2423120633788283e-4	0.024186926430158972	0	2.4818795599604676e-6	0	0	3.588731417862683e-6	0	1.8945534715100819e-6	0	0	0	1.875732167614065e-4	6.73720856788845e-4	6.196464832618704e-4	9.797288584288736e-5	3.367093114304144e-4	3.4798314225596163e-4	2.85102305592968e-4	2.1485544125987598e-4	6.886157365070585e-4	0.007296904435097074	0.002715290689076663	0.003248941237921364	0.003259071068952915	3.34991374058106e-5	1.3794899247583151e-4	5.243709605917009e-4	1.7689429724560007e-4	0.0012836762434272674	4.200071173806372e-4	5.702984030610996e-4	0.0014576477960141034	4.318685016480085e-5	2.7398051645493435e-5	2.6996504116279317e-4	2.184884871255623e-4	7.033573359425598e-4	2.3753253671122442e-4	1.3066521492452618e-5	4.3848632639589835e-4	1.562402315017937e-4	2.951124162545524e-4	2.735725657056078e-5	4.595213773703345e-4	0.014865618817494538	0.0036617361030275367	0.00489474845718235	0.00889505517469265	1.5850373664375486e-4	4.6116118409273457e-4	2.341997622153889e-4	5.630986976965649e-4	5.351492302950956e-4	3.846326526603525e-4	3.55733733399875e-4	5.544665792589391e-4	1.1203070076042347e-4	2.7695441818075094e-5	2.265231929436458e-4	8.082274982958455e-5	3.482867379298034e-4	1.5068686117371968e-4	1.7626227002317304e-4	1.3487944339860247e-4	7.769827753626543e-5	3.5221058194542576e-5	4.1870559350981654e-5	3.2620153113018663e-4	0.0063064937945467945	0.002064485840293488	3.78537324382132e-4	0.0032606452908304057	1.1605804470016266e-4	2.929231089506149e-4	9.219358733240208e-5	2.161076950775894e-4	3.070675268086828e-5	1.958235000131218e-4	1.8091777714835518e-5	5.96377946364952e-4	9.409440554580924e-5	4.8386937365063425e-5	1.1114071443118702e-4	8.824552631039938e-5	0.015896421338923057	0.006783783979696896	0.001669049360391521	0.012522533226045024	0.0430400681251093	0.0015660580786911195	0.0018140976774156012	0.07310819970062149	0.4118786403804557	0.08073573039237344	0.04679566976991417	0.22350972284744136	9.172283109261494e-5	2.730606687467016e-5	7.329697705446867e-5	2.82103307791047e-4	1.224952341459838e-4	4.6635185683696265e-4	1.9295158506399718e-4	5.787633571024915e-4	8.472975664720688e-5	2.225529245710736e-5	2.0460771290203148e-4	4.197696686778057e-5
37	9.870789261542807e-7	0.979661406848642	0	0	0	4.6139432882403404e-4	0	0	1.6626892943117857e-6	3.6832227897444646e-6	0.019842662681683908	0	0	0	9.834338526302525e-8	1.0448889439440067e-7	0	0	5.618169191618964e-8	0	0	2.794413586829571e-5	6.756704865883242e-4	6.196361732346174e-4	9.807502394566888e-5	3.3431463655192814e-4	3.3303815821669264e-4	2.8265403861429706e-4	2.1530521468920535e-4	6.752064535624509e-4	0.0073215114882098226	0.0026827032387837166	0.0032616385001123884	0.003261727640387607	2.5484620959350724e-5	1.322803923138103e-4	5.247313781940603e-4	1.67249568541039e-4	0.0012881545075576956	4.2012011801050155e-4	5.699033631641321e-4	0.0014637311141499118	4.084604315961827e-5	2.664683707998522e-5	2.692025490185956e-4	2.173796528853055e-4	6.98180827652814e-4	2.3263520894695202e-4	1.1549759303919293e-5	4.334474115029591e-4	1.330893080690186e-4	2.9224637352333506e-4	2.4807878163272045e-5	4.332194164430886e-4	0.014823275458432993	0.003514151676188921	0.004890815186096248	0.008824180121301074	1.5726468843803488e-4	4.598349701109865e-4	2.319766871392535e-4	5.640454561419325e-4	5.368175704219142e-4	3.8559263155558173e-4	3.5621020299861806e-4	5.515976794119103e-4	1.119030503495807e-4	2.5117633874697503e-5	2.2515011677314982e-4	7.584004284712286e-5	3.4788910407938393e-4	1.4638982427559344e-4	1.76762795136141e-4	1.3157537954317083e-4	7.090996918974366e-5	3.02495786666515e-5	4.150610846653931e-5	3.161526136453606e-4	0.006320533095146353	0.0020166202192398825	3.611760826819196e-4	0.0032410871108370753	1.1549971297676384e-4	2.929985785967344e-4	9.038308005167958e-5	2.1444698005106632e-4	2.5612807233482076e-5	1.9305704800200117e-4	1.3368184008410986e-5	5.842626511591727e-4	9.406681792547772e-5	4.795501094594724e-5	1.0878563744653455e-4	8.636302962254262e-5	0.01577604744959285	0.0067444637331968175	0.0016684169467593233	0.012513424643274745	0.04204510906716727	0.0012871415621578221	0.0017816713471306496	0.07207254044789961	0.4137172840503864	0.08073979453799272	0.04691736325821969	0.22462302596851705	8.77951696844078e-5	2.0898062288361764e-5	7.068124310498003e-5	2.761973894976888e-4	1.1649252098775382e-4	4.6452744607719125e-4	1.9025085544342423e-4	5.781236392249084e-4	8.137548427976241e-5	1.9260324129717697e-5	2.031217356655993e-4	3.71811398773095e-5
38	2.978111556601462e-6	0.8546998862484506	0	0	0	0.005881963347535567	0	0	5.776739932837943e-6	1.2643047662440582e-4	0.13913601364442127	0	0	6.205051249325408e-7	0	2.122314513959722e-6	0	5.846524335030797e-7	0	0	0	1.4362395940628603e-4	6.32535555657725e-4	6.225358161791373e-4	9.045214745324243e-5	3.971015423755681e-4	7.505707100828049e-4	3.588272472236822e-4	1.9084071430085163e-4	0.001060083765185112	0.006578596284769929	0.002473554052756667	0.002888540673126833	0.002879852212698407	1.801596793365981e-4	2.4940405246019065e-4	4.7611557694625205e-4	2.846701525244097e-4	0.001193710412311055	3.86090434790169e-4	5.363144647958672e-4	0.0013157709398598316	8.332724907001365e-5	3.7255648697681293e-5	2.44959457051184e-4	2.1431386988248204e-4	8.241653394264538e-4	3.477390329187874e-4	4.0222418610717855e-5	5.38664805253892e-4	7.664348275561601e-4	3.6833521861714914e-4	6.019639307718666e-5	0.0011572538910197023	0.013802242878725779	0.003766652631818831	0.004400709179182173	0.00821944190720865	1.7264143682549758e-4	4.368992605105489e-4	2.4225532865685304e-4	5.021267058959565e-4	4.790766400562285e-4	3.4616189975375354e-4	3.2291819386665624e-4	5.061493040206351e-4	1.0002958619968428e-4	4.5028796592346803e-05	2.0800575565495849e-4	1.3108274763271944e-4	3.2237920384447653e-4	2.214151556759611e-4	1.661177855057243e-4	1.8358288100485049e-4	2.2714388161086208e-4	1.2549688380108763e-4	4.636328465946144e-5	6.023350532394945e-4	0.005880938550373412	0.0021991193613536803	7.100660518299163e-4	0.003130535574509554	1.1806502681590357e-4	2.8686992338451325e-4	1.0150033338404648e-4	2.0831909236171495e-4	1.520471056541752e-4	2.345877338826481e-4	9.129509734809309e-5	6.378933199078775e-4	8.470773627069957e-5	5.34471230167667e-5	1.0605002110850546e-4	8.751617628235513e-5	0.019637310370538695	0.00800668156967531	0.0017362932550358864	0.013195965618975852	0.07082257991442611	0.008911370343002148	0.00271712667799833	0.10311276129564499	0.37548656815572284	0.073883839490373	0.042223623427489164	0.19987919677042387	1.321794034529368e-4	1.2127359946428015e-4	9.746569276405848e-5	2.8803905600681634e-4	2.098334889976366e-4	4.326057103729481e-4	1.818199882173193e-4	5.395594700338444e-4	1.3865009101853368e-4	5.152030521274726e-5	1.837915156657035e-4	1.2213558977066755e-4
39	4.848746123880573e-7	0.8834068743499662	0	0	0	0.0011443917307090413	0	0	0	3.06195801098203e-5	0.11529746524138205	0	0	6.722168659746742e-7	0	1.9658546427544913e-6	0	1.1142515023305928e-6	7.531145892193607e-7	0	0	1.1565878562022645e-4	6.422289941533594e-4	6.223651693493329e-4	9.234783007129268e-5	3.8425132380213886e-4	6.680739229859267e-4	3.4459242225597846e-4	1.9652382969032227e-4	0.00098502474139305885	0.0067528976762584025	0.0024454608828804033	0.002974125667371493	0.002948197408403042	1.4553997178405677e-4	2.2346935326565684e-4	4.8445203507970706e-4	2.488846631881789e-4	0.0012155587445314246	3.939315311133746e-4	5.424950424183438e-4	0.001346835095847918	7.493630679956723e-5	3.5194808769935696e-5	2.4749052240141797e-4	2.1562155045307875e-4	7.971072098702451e-4	3.2323309282239053e-4	3.4447663888020164e-5	5.142680569397251e-4	6.396190434046135e-4	3.5271111995703835e-4	5.0930819774737156e-5	0.0010126334654646971	0.013784308546586946	0.003350297964565432	0.004439955430869513	0.00807987880859718	1.7009391820542788e-4	4.3798958091659007e-4	2.384245253634156e-4	5.100368623323109e-4	4.889899584055717e-4	3.5254300603231747e-4	3.2724427176134045e-4	5.008009850569194e-4	1.0279343088181066e-4	3.816284580597353e-5	2.08861086247226e-4	1.1534479515912489e-4	3.276407187689548e-4	2.0650169209926195e-4	1.6894009565021834e-4	1.7318716718136968e-4	1.9605861350938054e-4	1.0501135490857795e-4	4.554111784729585e-5	5.461485282778298e-4	0.005990572883229844	0.0020861849852539197	6.397040028090836e-4	0.003102174910618901	1.1794381690677773e-4	2.891575572652242e-4	9.736363067767174e-5	2.0665253971328894e-4	1.2594648341437577e-4	2.2641530781420085e-4	7.442179096090591e-5	5.994571985807147e-4	8.69189616065676e-5	5.250717991020905e-5	1.0070376057656832e-4	8.427808207002068e-5	0.018918318809691706	0.007771343497820004	0.0017281617386576042	0.01309956238513436	0.06521033324221485	0.007384152982873966	0.002535139029297911	0.09715718832358115	0.3842532320282172	0.07449322771474726	0.042975481853753925	0.20536242047686198	1.198893860709027e-4	9.572076899301644e-5	8.86986485577853e-5	2.683575179714041e-4	1.8311758901308681e-4	4.340026212218742e-4	1.771561676714145e-4	5.40588391743626e-4	1.2740513287479486e-4	4.1405048010407255e-5	1.8469747431294992e-4	9.979080346262452e-5
40	3.8111217778729013e-6	0.8585564666106755	5.928886508438727e-7	0	0	0.005869878195001448	0	0	1.69146646237977e-6	1.3935702789127268e-4	0.13526405293786894	0	0	0	0	3.2518633260241594e-6	0	8.559800650226044e-7	0	0	0	1.6004190828069638e-4	6.33891809459856e-4	6.224350275270223e-4	9.072011250933032e-5	3.950503284163839e-4	7.369958643024841e-4	3.5631527872004786e-4	1.9169194815336454e-4	0.0010475212977395878	0.006602981144413591	0.0024860316481933493	0.0029006900250800544	0.0028938482976882413	1.754643666967608e-4	2.457958099973285e-4	4.7788703861997124e-4	2.8160316117144615e-4	0.001196590584585695	3.8731452634678624e-4	5.37601877684254e-4	0.001320453903178214	8.20502166392955e-5	3.694010347381431e-5	2.459661754634037e-4	2.145127887291698e-4	8.201579024465818e-4	3.441129774597512e-4	3.935295741799342e-5	5.353618344391576e-4	7.458978838832794e-4	3.6588778043174865e-4	5.922274381368146e-5	0.001133755415475401	0.013846748296476445	0.0037782611916155136	0.004419686439328332	0.008252445709204822	1.722330569941813e-4	4.379435986753979e-4	2.421690006090819e-4	5.04328664138363e-4	4.8101290953692625e-4	3.4750381781153034e-4	3.240909605350765e-4	5.082609172348516e-4	1.0047817749968416e-4	4.462660297825262e-5	2.0882214179653683e-4	1.2961597941781795e-4	3.2337678153368564e-4	2.1917603101817557e-4	1.6644366263971483e-4	1.8204256264100582e-4	2.2222093122335496e-4	1.2260965719855508e-4	4.623025472750661e-5	5.930008702078246e-4	0.005895438821901728	0.002198977234475075	6.992074124152944e-4	0.0031374704162723506	1.1804386104794458e-4	2.8708386982291377e-4	1.0133279145055452e-4	2.087791798234123e-4	1.4797604757613565e-4	2.3334691237070866e-4	8.899073058529106e-5	6.375426100858406e-4	8.506048377872714e-5	5.329021963469583e-5	1.0649173071492827e-4	8.77154707191561e-5	0.01950901609098095	0.007964758807443673	0.0017338184371215345	0.013170366567111671	0.06988115488527985	0.008664097012137547	0.002686535796945827	0.10209209387683309	0.37666566701721815	0.07414182252827808	0.042382384693865176	0.2006529835948941	1.3105520592133845e-4	1.183959698554604e-4	9.682767585391415e-5	2.8843898985845363e-4	2.0715603756929116e-4	4.340067085083773e-4	1.8248186841636355e-4	5.410631513323764e-4	1.3693587623398934e-4	5.0687998703008636e-5	1.847114805871655e-4	1.1936088688339028e-4
41	0	0.7802597267367394	0	0	0	0.001891327374949351	0	0	3.079634522660128e-6	9.6672462177805e-6	0.2177016353454463	0	0	0	3.3431539498593684e-6	1.3214610383008203e-5	0	4.79781959622072e-6	2.99153681650177e-6	0	0	1.1021654137904068e-4	6.067257598795961e-4	6.254503629102079e-4	8.606078482128458e-5	4.380614328299894e-4	0.0010275692069014444	4.1109317027190515e-4	1.759295679068877e-4	0.0013175025375176458	0.006136398130340756	0.0021810583323855805	0.0026641318587831996	0.002607278587404617	2.735972903869057e-4	3.2098719652403176e-4	4.406795707560273e-4	3.3561931307759206e-4	0.0011378747746670602	3.649933710914434e-4	5.123331014488492e-4	0.0012217295802921717	1.1099068360439689e-4	4.414336473608752e-5	2.2362793454675832e-4	2.1288539362579288e-4	9.037939414394837e-4	4.206363850617395e-4	5.884844779348525e-5	6.01286212541747e-4	0.001183048639695669	4.176620251359231e-4	7.862111591135738e-5	0.0016342920174103124	0.012664618677536453	0.003163607878500368	0.003955117689581535	0.007277541556521437	1.8336558275820376e-4	4.139409749908434e-4	2.4455844814547865e-4	4.521964250949209e-4	4.3779923858291433e-4	3.1718823193236566e-4	2.962483541468202e-4	4.464191195862129e-4	9.258412028208958e-5	5.158771588312175e-5	1.9067525570320954e-4	1.5688900396846527e-4	3.0561152841860695e-4	2.702740143417728e-4	1.6057796606585805e-4	2.1742573479510002e-4	3.296139706429293e-4	1.845705192505142e-4	4.972815066345955e-5	7.929268853792788e-4	0.005631694405067894	0.002152622091536703	9.370170576576137e-4	0.002950480134479317	1.2022173066006595e-4	2.8473065213916246e-4	1.0436504226085507e-4	1.9774623602935974e-4	2.3358797617970177e-4	2.6157180844555637e-4	1.3912861139950074e-4	6.151408030676613e-4	7.894321424169164e-5	5.721700030566949e-5	9.17689033643359e-5	8.154878455518534e-5	0.022291560753163263	0.008873965891705545	0.0017923758677438925	0.013731807164399245	0.09006634785525118	0.013925045118298547	0.003343449170596622	0.12407582266652675	0.3526844669671276	0.06778906365477828	0.038752789053304246	0.18471829210096738	1.5360556264553112e-4	1.7542348644453902e-4	1.077509670692015e-4	2.601012931455515e-4	2.5465999278050555e-4	4.004457797849621e-4	1.6259351728985791e-4	5.004615778345234e-4	1.759770887369557e-4	6.480998699813999e-5	1.6415179467027457e-4	1.672710989739775e-4
