Signature.1	Signature.2	Signature.3	Signature.4	Signature.5	Signature.6	Signature.7	Signature.8	Signature.9	Signature.10	Signature.11	Signature.12	Signature.13	Signature.14	Signature.15	Signature.16	Signature.17	Signature.18	Signature.19	Signature.20	Signature.21	Signature.22	Signature.23	Signature.24	Signature.25	Signature.26	Signature.27	Signature.28	Signature.29	Signature.30
0.0716007250980617	0	0.4051297067165521	0	0	0	0	0	0	0	0	0	0.43818698381668464	0	0	0	0	0	0	0	0.03265967475679302	0.03130783173013524	0	0	0	0	0	0.021115077881773338	0	0
0	0	0.5956215871503325	0	0	0	0.04583708649566661	0	0	0	0	0	0.3045070920582434	0	0	0	0	0	0	0	0	0	0.01640276304097825	0	0	0	0	0.010754870649778748	0.02687660060500043	0
0.034532207003385905	0	0.20291697895837446	0	0	0	0	0	0.2159792260561478	0	0.08496695190075339	0	0.46160463608133845	0	0	0	0	0	0	0	0	0	0	0	0	0	0	0	0	0
0	0.1740240185562503	0.3318545567408512	0	0	0	0	0	0	0	0	0	0.32632613877163086	0	0	0	0	0	0	0	0	0.03412179267804047	0.028621670464565638	0.09230141857114403	0	0	0	0.012750404217517433	0	0
0	0.1392589940888794	0.3877453014634884	0	0	0	0	0	0	0	0	0	0.29650761085525257	0	0	0.03643841229806734	0	0.019085704077020975	0	0.05785052493298378	0	0	0.02536223073246376	0	0	0.026255966546011485	0.011495255005832206	0	0	0
0.03531377468606491	0.07747686396562657	0.4689751043896482	0	0	0	0	0	0	0	0	0.010972793060879818	0.37033527094539703	0	0.022189727646342743	0	0	0	0	0	0	0	0	0.014736465306040666	0	0	0	0	0	0
0	0.09070076832105599	0.2052549453817937	0	0	0	0	0	0.10799456916537287	0	0	0	0.3736073578213258	0	0	0	0	0	0.018485028680292098	0	0.09576508733831379	0.023257831628412415	0.06571248824502798	0.01922192341840536	0	0	0	0	0	0
0.10271367902844332	0	0.28806154820377333	0	0	0.011729961483855638	0.07653552000366368	0	0	0	0	0	0.46114798485604175	0	0	0	0	0	0	0	0	0.011808795803969244	0	0	0	0.04800251062025309	0	0	0	0
0.031712197250308	0.00859353424150261	0.464398374471705	0	0	0.06910071357825034	0	0	0	0	0	0	0.3825441803244741	0	0.01805427953930976	0	0	0	0	0	0	0	0	0	0	0.014863622997801527	0	0.010733097596648537	0	0
0.019022130299513006	0.15449558612806505	0.2845957188520657	0	0	0	0	0	0	0	0	0	0.3548665276457675	0	0	0	0	0	0	0	0.051505678746020994	0	0.022653042648217228	0.044642459091093684	0	0	0.022752664640647922	0	0.04546619194860905	0
0	0.05204392643172394	0.5954551030247988	0	0	0	0	0	0	0	0	0	0.26423852815766147	0	0	0.022347118681507797	0	0	0	0	0	0	0	0	0	0	0	0	0.06591532370430793	0
0	0.03964804907627436	0.5182181352927315	0	0	0	0	0	0	0	0.044793778454920635	0.1129226640383143	0.22443838342820827	0	0	0	0	0	0	0	0	0	0	0.03771740248336276	0	0	0.022261587226188234	0	0	0
0.012570945444274787	0.11755475107762758	0.1793538724405506	0	0.06076242831304128	0	0.036215880052966984	0	0.16385987089800463	0	0	0	0.26919679597577245	0	0	0.03685627209911255	0	0	0	0	0	0	0.028600701802117996	0.0950284818965312	0	0	0	0	0	0
0	0.15055217230877255	0.26664831744600925	0.07604871787343956	0	0	0	0	0	0	0	0.011809614199577028	0.3815212771191206	0	0	0.02497118778884715	0	0	0	0	0	0.03804214745627067	0.032477668782007287	0	0	0.017928897025955896	0	0	0	0
0	0.02628699515381258	0.4551680692540934	0	0	0	0	0	0	0	0.10708380557620376	0.08261162068831278	0.27834495268147796	0	0	0	0	0	0	0	0	0	0	0	0	0	0.030208470687044308	0	0	0.020296085959055115
0	0	0.23937140593174694	0	0	0	0	0	0	0	0.12163255140192088	0.08453090194442406	0.42152689794632886	0	0	0	0	0	0	0	0.06646376563246553	0	0	0.03348749301298192	0.03298698413013183	0	0	0	0	0
0	0	0.3916894357086041	0	0	0	0.03682556575335476	0	0	0	0	0.020381455366676404	0.46780895010888357	0	0	0	0	0	0.07155785538237257	0	0	0.011736737680108463	0	0	0	0	0	0	0	0
0	0.10880177665762861	0.5427710760186196	0	0	0	0	0	0	0	0	0.040931349550838485	0.27501357763418244	0	0	0	0	0	0	0.01775018576019239	0	0	0	0	0	0	0	0	0	0.0147320343785385
0	0.03173810566996796	0.38594056412120153	0	0	0	0.021544941430854506	0	0	0.09886479436060891	0	0	0.19003035423030099	0	0.03268312498187136	0	0.023004613805049954	0	0	0	0	0.05898463523406649	0	0.13114461832299412	0	0.026064247843084188	0	0	0	0
0	0.1542741485420113	0.3097994639735695	0	0	0	0	0	0.03450457926752969	0	0	0	0.353313837296357	0	0	0	0	0	0.038580988908253226	0	0.06180439527397439	0.016261242981662944	0	0	0	0	0	0.03146134375664199	0	0
0	0.046274292143400134	0.20963464671839196	0	0	0	0.029052084581064428	0	0	0	0	0	0.4390206010861844	0	0	0.2092838705793304	0	0	0	0	0	0	0	0	0	0	0.02393490212769654	0	0	0.04279960276393207
0.00780049167523178	0.032018648486815286	0.3520465517484456	0	0	0	0	0	0	0.02612536656955766	0	0.022471494406919784	0.4930386563898955	0	0	0	0.012098045008648684	0	0	0	0	0	0	0.054400745714485624	0	0	0	0	0	0
0	0.17444679314089437	0.28603801652436134	0	0	0	0	0	0	0	0	0	0.39106511598509613	0	0	0	0	0	0	0	0.04101151965849615	0	0	0.036336215789812436	0	0	0.016503741703666995	0.05459859719767266	0	0
0	0.0319684344315275	0.27514992637113733	0	0	0	0	0	0	0	0.1045627335175258	0	0.3360995231086545	0.013038197125648467	0	0	0.040540089953706906	0	0	0	0.02318820596224064	0.0471853989652967	0	0	0	0	0.0077055611786883225	0.06578688551432318	0.05477504387125073	0
0.007341949639323991	0.13961527127968412	0.3716026380962137	0	0	0	0.05024816828272797	0	0	0.049399182033335404	0	0	0.31177789153309926	0	0	0	0.036338314600389894	0	0	0	0	0	0	0.01861477574598751	0	0.015061808789238147	0	0	0	0
0	0.11734290677401682	0.3339282332538792	0	0	0	0	0	0	0	0.08549253779796581	0.03965772518018932	0.33542914920955963	0	0	0	0.042878323842508906	0	0	0	0.045271123941880216	0	0	0	0	0	0	0	0	0
0	0.12147951948472178	0.2084851070080346	0	0	0	0.08303455643518183	0	0.010123495029772691	0	0	0.026383854757942	0.3975422143693984	0	0	0	0	0	0	0.05328822024838113	0	0	0	0.042796324819301054	0	0	0	0	0	0.056866707847266454
0	0.023589260467332042	0.2067550042173785	0	0	0	0	0	0.022817763706143534	0	0.027891931841466877	0.0850141295600507	0.40153625442442586	0.021652339465904117	0	0.018603060725969654	0.040937403578463934	0	0	0	0	0.025798462128222885	0	0	0.02013815295971369	0.10526623692492817	0	0	0	0
0.09186361365733485	0.018625253343590834	0.2408115404614227	0	0	0	0	0	0	0	0.0456913449866671	0	0.42775807185682185	0	0	0	0.006507786513531127	0	0	0	0.05082909088860252	0	0	0.0425442421009004	0	0	0	0.07536905619112866	0	0
0.025676053081062137	0.12781910785245282	0.2719583193566659	0	0	0	0	0	0	0	0	0	0.21369678557714822	0	0	0.1745414265043609	0.013203112704284295	0	0.12608276605285565	0	0	0.04702242887117004	0	0	0	0	0	0	0	0
0.03584736599120869	0.10257599305665369	0.22050969119300146	0	0	0	0.03836363551345352	0.14806099757290797	0.026395614865201634	0.015501793745902177	0	0	0.2675374239961789	0	0	0.05399016325165259	0	0	0	0	0	0	0.029111667344126017	0.013699846267787773	0	0	0	0.028460045031009087	0.019945762170916547	0
0	0.0873657544959662	0.0031232857922699076	0	0	0	0.008246420868527176	0.05772176258581439	0.13083188995969136	0	0	0.10153601503546472	0.36043767251732955	0	0	0	0	0.08003067389580958	0	0.09170378386615086	0	0	0.029829251046990902	0	0	0	0.04917348993598526	0	0	0
0.010460463424402483	0.07868329020854055	0.24609820991477827	0.017441030174121016	0	0	0	0	0	0	0	0	0.33001073160186567	0	0	0.09248259417508799	0	0	0	0	0	0.07302168439527366	0	0	0	0.06872135128100708	0.01780076194902328	0.044017334765490135	0.021262548110409844	0
0	0	0.2807271779963693	0	0	0	0.0579960413182628	0	0.17816846748119744	0	0.020044185783560087	0	0.38305406947554027	0.022940958402811046	0	0	0	0	0	0	0	0	0	0	0	0	0.05706909954225908	0	0	0
0	0.10079659233958027	0.27966315757663607	0	0	0	0.09771696800364853	0	0	0	0	0	0.23004149475953936	0	0	0	0	0	0	0	0.075888799196842	0	0	0.13029832188421184	0	0	0.033336915957259565	0.05225775028228231	0	0
0	0.028590901718777727	0.24456013212729644	0	0	0	0	0	0.11961440143403784	0.04321431350886336	0.11008501676718278	0	0.32346946903438845	0	0	0	0	0	0	0	0	0	0	0	0.03160071432744438	0	0.0429627005307881	0	0.055902350551220975	0
0.04371371538626075	0.09327609405058625	0.42437233414290687	0	0	0	0.016993417229580723	0	0	0.006634225495185205	0	0	0.31669225215899527	0	0	0.0859314111178645	0	0	0	0	0	0.012386550418620416	0	0	0	0	0	0	0	0
0	0.08793396092794116	0.5480831078961678	0	0	0	0	0	0	0	0	0	0.2703398495967055	0	0	0	0.053329109644355895	0	0	0	0	0	0	0.04031397193482959	0	0	0	0	0	0
0	0.15729269651125005	0.5395958549983642	0	0	0.06125513322744172	0	0	0	0	0	0	0.1588550532947038	0	0	0	0.05436517596045814	0	0	0	0	0.028636086007782047	0	0	0	0	0	0	0	0
0	0.03058105830446208	0.2716984758635254	0	0	0	0.17329303411898747	0	0	0	0	0	0.17437714944907565	0	0.08694915598266367	0.1498502510554672	0.03599090736654992	0.03418936266222215	0	0	0	0	0	0.0178822392353175	0	0	0.02518836596172893	0	0	0
0	0.1077522784128882	0.38241997609627076	0	0	0	0	0	0	0	0	0	0.3867114176335275	0	0	0	0.014296822764162083	0	0	0	0.06951584123049712	0	0.02294122156565572	0	0	0	0	0.0163624422969986	0	0
0.08849835094149368	0.07391171401773182	0.3018990089551364	0.10484426358624352	0	0	0	0	0	0.017976961141913772	0	0	0.26364995423104115	0	0	0	0.10346287420680136	0	0	0	0	0	0.04575687291963832	0	0	0	0	0	0	0
0	0	0.3955453185872616	0	0	0	0.06865103899107969	0	0	0	0	0	0.37809515693257983	0.053103792942735664	0	0	0.056933505209529285	0	0	0	0	0.03434960906423741	0	0	0	0	0.013321578272576559	0	0	0
0	0.1528625070022905	0.5073414077342964	0	0	0	0	0	0	0	0	0	0.29965304959834366	0	0	0	0	0	0	0	0.007185694091653421	0	0.03295734157341598	0	0	0	0	0	0	0
0	0.03644104738675403	0.3221677573323604	0.02158991731186242	0	0	0.0711487055660289	0	0	0	0	0	0.3319982821412899	0	0	0.11208074863261283	0	0.05451904997162494	0	0	0.013582883602412017	0	0	0.01896200767231461	0	0	0	0.017509600382739937	0	0
0	0.08141785415146721	0.2578215805910255	0	0	0	0	0.015092317063110863	0.01692391351742902	0	0	0	0.39828917646035367	0	0.016484277569405303	0	0	0	0	0	0.031786963964350635	0	0	0.08216481817244424	0	0	0	0.10001909851041346	0	0
0.0321300018441195	0	0.2561354094064851	0	0	0	0.12709120942289773	0	0	0	0.022023887117924894	0	0.4503073405572547	0	0	0	0	0	0	0	0	0	0	0	0	0	0.01617334091474389	0.0449454778008789	0.007146537678990722	0.04404679525670446
0	0.10215322984170135	0.36116960074936594	0	0	0.09298911228789454	0	0.11343818243231238	0	0	0	0	0.276987937110797	0	0.011046637197862112	0	0	0	0	0	0	0	0	0	0	0	0.042215300380066684	0	0	0
0	0.12946511327484608	0.4063006119652318	0	0	0	0.03123738112082924	0	0	0.046131488868503094	0.01349451146391308	0	0.28552705506254583	0	0	0	0.05254426700795062	0	0	0	0.035299571236180285	0	0	0	0	0	0	0	0	0
0	0	0.5144221035925226	0	0	0	0	0	0	0.06186821534547234	0	0	0.334241687873122	0	0	0	0.015126408947714613	0	0	0.013375476215306922	0.011392312395349987	0	0	0	0.02326221058223093	0	0.026311585048280614	0	0	0
0	0.07270532109474866	0.21808043702606647	0	0	0.03826356404469728	0.05524808349581508	0	0.06624571507601429	0	0	0.017281176737412272	0.44079602182274386	0.020281234015371515	0	0	0	0	0	0	0	0.01597568011950783	0	0	0	0	0	0.055122766567622675	0	0
0	0.04775020385125378	0.3468905407046108	0	0	0	0	0	0	0	0	0	0.4125597907954699	0	0	0.13218886282123607	0	0	0	0.021411999779036992	0	0.024527311129254437	0.014671290919138128	0	0	0	0	0	0	0
0	0.06363304129525749	0.44857049734121085	0	0	0	0	0	0	0.01013246589610034	0	0	0.46935597172146076	0	0	0	0	0	0	0	0	0	0	0	0	0	0.008308023745970537	0	0	0
0	0	0	0	0.36871706007320676	0	0	0.019016329053255593	0	0.04779075285563961	0	0	0.5333987436978853	0	0	0	0	0	0	0	0	0.031077114320012762	0	0	0	0	0	0	0	0
0	0.11973203259861435	0.43032415231513965	0	0	0	0	0	0	0	0.02243608912607845	0.015422951351939497	0.33819914117492195	0	0.045341872885235904	0	0	0	0	0	0	0	0	0.028543760548070177	0	0	0	0	0	0
0.011961619238488345	0.015414097472840428	0.3250209525358931	0	0	0	0	0	0.01748543135000307	0	0	0.031048481421001663	0.4503766599512669	0	0	0.09135638722503718	0.057336370805469335	0	0	0	0	0	0	0	0	0	0	0	0	0
0.0492937181103132	0.12434791511492511	0.36459120696388925	0	0	0	0	0	0	0	0	0	0.2856361012979383	0	0	0.04705960680607769	0	0.033793512909328166	0	0	0	0	0.031786880933396294	0	0	0	0	0	0.06349105786413196	0
0	0.09121785269976723	0.46476941139816375	0	0	0.03765063324577726	0	0	0	0	0	0	0.2953915648058278	0	0	0	0.06371535285999037	0	0	0.016477418289351457	0	0	0	0	0	0	0.030777766701122252	0	0	0
0	0.015016852911280873	0.2180159748263614	0	0	0	0.1857034987612739	0.08096269350104597	0.024898742056524006	0	0	0	0.30574990186888923	0	0	0.03362839619229153	0	0	0	0	0.034058457282708614	0.017762450350044395	0	0	0	0	0.045686218445891526	0.03851681380368862	0	0
0	0	0.27797772054703124	0	0	0	0.008729513590479234	0	0	0	0	0	0.3843430417564898	0.02759030870387199	0	0.047393959789808364	0	0	0	0	0	0.09988925379926943	0	0.027533847527903024	0	0.12654235428514687	0	0	0	0
0.01716766735262886	0.13705132690556512	0.2582682769929555	0	0	0	0	0	0.03004271161792117	0	0	0	0.3552679357649131	0	0	0.01774799391786458	0	0	0.044626870381916435	0	0	0.023697147530853523	0	0.04309676134580201	0	0	0	0.0730333081895796	0	0
0	0	0.44637487001275516	0	0	0	0.04804233303283491	0	0	0	0	0	0.45629374579876014	0	0	0	0	0	0.01673119338498528	0	0.03255785777066456	0	0	0	0	0	0	0	0	0
0.014341984236227494	0.04119123512205606	0.3545777305301219	0	0	0	0	0	0	0	0.06301512235969332	0.06728855281800813	0.36275399557118915	0	0	0	0.05856392223242903	0	0	0	0	0	0	0	0	0	0.038267457130274844	0	0	0
0	0.047413152888154494	0.2912457808196813	0	0	0	0	0	0.013871649845115902	0	0.034781959033450854	0.016882070854414788	0.42988866580162866	0	0.03607936157197093	0	0.016968173299115288	0	0	0	0	0	0	0.025375147067552558	0	0.02628770122065278	0.011675610538976814	0	0.049530727059285726	0
0.03766740724678595	0	0.36153475110919536	0	0	0	0	0	0	0.028289135172430167	0	0	0.5520702370381906	0	0	0	0.02043846943339798	0	0	0	0	0	0	0	0	0	0	0	0	0
0	0.16499773800070708	0.07433305093128466	0.018648002263578024	0	0	0	0	0.0917342373855087	0	0.009175363762597734	0	0.23636267920103587	0.030099126493520777	0	0.18693388348564288	0	0.05208331385426915	0	0	0	0	0	0	0	0.05243751602604449	0.01148499544453384	0.0717100931512767	0	0
0.06102004365229905	0	0.1154340537366248	0	0	0	0.0726043006358999	0	0	0.02997787260190192	0	0	0.4499383756714578	0	0	0.21805883043510157	0.017795121765039782	0	0	0	0	0	0	0	0	0.02234566128371974	0	0	0.012825740217955415	0
0	0	0.22295996505849022	0	0	0	0.04750755151882707	0	0	0	0	0	0.48997229600145564	0.034718142176321194	0	0.20484204524490598	0	0	0	0	0	0	0	0	0	0	0	0	0	0
0	0.24070331226847766	0.17804730997135199	0	0	0	0	0	0	0.027369853190018976	0	0	0.3202800238929235	0	0	0.17345316014003592	0.005573618839749178	0.01265329722210601	0	0	0	0.04191942447533676	0	0	0	0	0	0	0	0
0	0	0.21073541497985387	0	0	0	0	0	0.08002157525896147	0	0	0.034317628683444436	0.34671399403476383	0	0	0	0	0	0	0.06331219048045124	0	0	0	0	0.13981469502121333	0	0.040510200989856915	0.04637079503033705	0	0.038203505521117856
0	0	0.3411944401496998	0	0	0	0	0	0.0157861569119902	0.017827912251219408	0.02708381877621446	0	0.4258105897982384	0	0	0	0.01456103419686285	0	0	0	0.060407044112388106	0.008894472671833705	0	0.03663401864998096	0	0.040618440761401545	0.011182071720170663	0	0	0
0	0.19735765654638276	0.34105062068171405	0	0	0	0	0	0	0	0.02278132676241615	0	0.41326069199733884	0	0	0	0	0	0.025549704012148237	0	0	0	0	0	0	0	0	0	0	0
0	0	0.1916694917735997	0	0	0	0	0	0.12653488359274656	0	0.043239686809495456	0	0.5092089765918871	0	0	0.03845532501608345	0	0	0	0	0	0	0	0	0	0.09089163621618766	0	0	0	0
0	0.10428767631520766	0.5309737803812085	0	0	0	0	0	0	0	0	0	0.3234071093988067	0	0	0	0.023523692421870475	0	0	0	0	0	0.017807741482906793	0	0	0	0	0	0	0
0	0.057860702741477574	0.4788689092630457	0	0	0.02255091850257616	0	0	0	0	0	0	0.35660019451959013	0	0	0	0	0	0	0	0	0	0	0	0	0	0	0	0.08411927497331041	0
0.01056133141165125	0.03809487032078611	0.439546329660109	0	0	0	0	0	0	0.06858706377559633	0	0	0.29855270671861484	0	0.02913928343730199	0	0	0	0	0	0	0.037646435671883874	0	0	0.02465864353795705	0.053213335466099576	0	0	0	0
0	0.16308781830142202	0.3902352658513926	0	0	0	0	0	0	0.013288079895735177	0	0	0.2881934284895011	0	0.011023902796777797	0	0.028281677496953348	0	0	0	0	0.08224179809431677	0.01744789267944829	0	0	0	0.0062001363944528725	0	0	0
0	0.0951717803232831	0.2940192622957019	0	0	0	0	0.04966867268784703	0	0.03783392579480793	0.08974305905994981	0	0.2842219596972015	0	0	0	0	0.09801179736994364	0	0	0.024474888263232526	0	0	0.026854654508032573	0	0	0	0	0	0
0	0.07744389925214182	0.5328753569604994	0	0	0	0	0	0	0	0	0	0.3625053573548605	0	0	0	0	0	0	0	0	0.009126727462154866	0	0	0	0	0.018048658970343502	0	0	0
0.040127522598116555	0.05202523499992089	0.19578995040690306	0	0	0	0	0	0.02805463145204857	0	0	0.12653804204449354	0.34713817449997997	0	0	0	0	0	0	0	0.045009658806595604	0	0	0	0	0	0	0.05632345534497688	0	0.10899332984696491
0.021069905580688664	0.07062827273682774	0.4092121188094145	0	0	0	0	0	0	0	0	0.04661473924348943	0.31493672156444985	0	0	0	0	0	0.03169114397302157	0	0	0.017120476914634822	0	0	0	0	0.024498855730349402	0	0	0.06422776544712398
0.05295769781688615	0.015651168637850477	0.2758233129611955	0	0	0	0.058956005627309044	0.01979218412993093	0.04653070904742744	0	0	0	0.3850809721148205	0	0	0	0	0	0	0	0	0	0	0	0	0	0	0.10009688581975708	0.04511106384482291	0
0	0.06912716781403994	0.5267972137623022	0	0	0	0	0	0	0	0	0	0.27449000726417105	0	0.07938030581024741	0.03311655075501242	0	0	0	0.017088754594226922	0	0	0	0	0	0	0	0	0	0
0.035039477955588816	0.09855890542565478	0.04488394333944008	0	0	0	0	0	0	0	0	0	0.27715845869702527	0.025067088493504804	0	0.24883065213326627	0	0.03928720086264833	0	0.04356330370799059	0	0.013019368578194555	0	0	0.0433617372489966	0	0.032772384536606906	0.098457479021083	0	0
0	0.03158634492258871	0	0.07786185045531979	0.2578405372897068	0	0.00767394208837946	0.047071411873808235	0	0	0	0	0.5160357182706066	0	0	0	0.05095339283552232	0	0	0	0	0	0.0109768022640681	0	0	0	0	0	0	0
0	0.09845933194396371	0.4397057057333851	0	0	0	0	0	0	0	0	0.06797206666480755	0.3729149285979812	0	0	0	0	0	0	0.013854383719912133	0	0	0	0	0	0	0	0.00709358333995032	0	0
0	0	0.1406875879155751	0	0	0	0	0.08191237239637915	0	0	0.0082888090979803	0	0.434885369945633	0.0491244022632239	0	0	0.11124668810242429	0	0	0.011861272867370374	0	0	0	0	0.017648050750311707	0.09614424256815719	0.021774072581116438	0	0.026427131511828652	0
0	0.03894241079179585	0.48711412971875795	0	0	0	0	0	0	0	0	0	0.3634792742780738	0	0	0.08726378112367594	0	0	0.02320040408769641	0	0	0	0	0	0	0	0	0	0	0
0.04453936288371037	0	0.30399987404618256	0	0	0	0.04586957179688051	0	0	0	0	0	0.35260435220409836	0	0	0.06287273048353142	0	0	0.09266639843759361	0	0	0	0	0.0854746785196818	0	0	0.011973031628321425	0	0	0
0	0.12412603961584705	0	0	0	0	0.04659228279002474	0.019766338984457624	0.1682562525487906	0	0	0.03975101088186293	0.4768570120315608	0	0	0	0.022014408465524878	0	0.10105374846659597	0	0	0	0	0	0	0	0	0	0	0.0015829062153353344
0	0.05868210194198651	0.49644025388901913	0	0	0	0	0	0	0	0.029846644573815907	0	0.3732278361485059	0	0	0	0.013294254765855865	0	0	0	0	0	0	0	0	0.0285089086808166	0	0	0	0
0	0	0.2613563916331186	0	0	0	0	0	0.017438073963012654	0	0	0.04925988302918423	0.48912630549227676	0	0	0.01614902012763246	0	0	0	0	0	0.03227365533038485	0	0	0	0	0.04023815351677247	0.06092479506325597	0.03323372184436197	0
0	0	0.2415444129058414	0	0	0	0	0.01641583936362587	0.2396716932900495	0	0.009765722550829343	0	0.4752303898187651	0	0.017371942070888706	0	0	0	0	0	0	0	0	0	0	0	0	0	0	0
0	0.09842403471328169	0.24988851361239858	0	0	0	0.0412923908026797	0	0	0	0	0.1594723222001101	0.300860212677909	0.0519528643387	0	0	0.04049107220325059	0.015633977024847017	0	0	0	0	0	0	0.01552136635629733	0	0.026463246070525904	0	0	0
0.010370594210763947	0.14045755106222194	0.18492248160763802	0	0	0	0.016647521062341727	0	0	0	0	0	0.36192539931217804	0	0	0	0	0	0.1151984917510788	0	0	0.04436527854247826	0.07336540345199326	0	0	0.05274727899930596	0	0	0	0
0	0.05605975305907119	0	0	0.3023706624125326	0	0	0	0	0.07554557086689355	0.023812327859341842	0	0.5210436807921224	0	0	0	0	0	0	0	0	0	0	0.021168005010038394	0	0	0	0	0	0
0	0	0.44101948665418306	0.06393339098546033	0	0	0	0	0	0	0	0	0.3887684909071831	0	0	0	0	0	0	0	0	0	0	0	0	0	0.00958088439425486	0.018853311272717648	0	0.07784443578620096
0.025944369944757524	0	0.38838244211010853	0	0	0	0	0	0	0	0.07728783903432213	0	0.4440113137042693	0	0	0	0.04006253770755897	0	0	0	0	0	0	0	0	0	0	0.02431149749898359	0	0
0.054254034164904825	0.08856471338207175	0.1824279659314606	0	0	0	0.005384260094199133	0	0	0	0.04889793407283728	0	0.4090951876101832	0.01322367296642876	0	0	0.08356076575955836	0	0	0	0	0.033525670344539786	0	0.0442453113650553	0	0	0.03682048430876105	0	0	0
0.023215821930429308	0	0.42502527734195406	0	0	0	0.04969191195586622	0	0	0.02470150489026037	0	0.05199236782181197	0.36006664956869083	0	0	0	0	0	0	0	0	0	0	0	0	0	0	0	0.020469796660924418	0.04483666983006289
0	0.09668600882481353	0.38768059957299245	0	0	0	0	0	0	0	0	0.032435614774425844	0.33617571805805124	0	0	0.023059778640960003	0	0	0	0	0.04470686053144353	0.011267420922821602	0.014694894158388998	0.053293104516102766	0	0	0	0	0	0
0	0.27641262078514856	0.23416654226679454	0.02451246338585276	0	0	0	0	0.029719376904286866	0	0	0	0.2805147550345977	0	0	0	0	0.10500149321328424	0	0	0	0	0	0.04967274841003527	0	0	0	0	0	0
0.01619147429369168	0.09495082643312608	0.5525023861066033	0	0	0	0	0	0	0	0	0	0.3363553131665789	0	0	0	0	0	0	0	0	0	0	0	0	0	0	0	0	0
0	0.08281501862491908	0.36412057893011435	0	0	0	0	0.08917804934658607	0	0.017114357891588897	0	0	0.383282131891984	0	0	0	0	0	0	0.06348986331480752	0	0	0	0	0	0	0	0	0	0
0	0.08558600402029458	0.36632981951421734	0	0	0	0	0	0	0.029388624991289972	0.015550069841310339	0	0.2797705604889788	0	0.05989059611708452	0	0.04892434140144615	0	0	0	0.023260267061056154	0	0	0.035668204710628454	0	0	0	0	0.0556315118536937	0
0.08581116631956388	0.20215885497866593	0.12841497991008002	0	0	0	0	0	0	0.0164178264039965	0	0	0.3333714961093497	0	0	0.04754070477459857	0.03520848300226845	0.062438385606200644	0	0	0	0.005023249928260139	0	0	0	0	0.009721482302825553	0	0.0738933706641906	0
0	0.07952041342698321	0.2932028314466571	0	0	0	0.006930908771000182	0	0.1828182891377172	0	0	0	0.17220806836517225	0	0	0.1356736890842558	0.028762926493275828	0	0	0	0	0	0	0	0	0	0.10088287327493838	0	0	0
0	0.13846919356861037	0.17683006215721578	0	0	0	0	0	0.04363680251246457	0	0	0.13542706936325488	0.2757369181699003	0	0.017835944229305237	0	0.017599985405467155	0	0.054413439827582434	0	0	0	0.008852178604262994	0.05154631696018804	0	0	0	0.07965208920174824	0	0
0	0.0950637693207165	0.48589115317621023	0	0	0	0	0	0	0	0	0	0.2743952738022801	0.016859590984599625	0	0.08468137228319471	0.008632983077068617	0	0	0	0	0	0	0	0	0	0.017197841411473926	0	0.017278015944456184	0
0	0.043114222862711736	2.6748989299930472e-8	0	0	0	0	0.24675138659748386	0	0	0	0	0.29117829614469154	0	0	0.3687215138012163	0.014906829915248066	0	0	0	0	0	0	0	0	0	0	0.03532772392965916	0	0
0	0	0.027743049388833502	0	0	0	0	0.15557897029189932	0	0	0.01737192194475352	0	0.41024067508092543	0.04752382272420837	0	0.31811250881849357	0	0	0	0	0	0	0	0	0	0	0.023429051750886273	0	0	0
0	0.01987160210716785	0.3090582297522466	0	0	0	0	0	0.0974178024008162	0	0.054896533695340345	0	0.4031066599516421	0	0	0	0	0	0	0	0.07015912813000519	0.013634016685107471	0	0	0	0	0	0.03185602727767426	0	0
0.022078693016925135	0.19148164397883308	0.4060034102732023	0	0	0	0	0	0	0.02299360197743551	0	0	0.2600591655962882	0	0	0	0	0	0.006731579482779585	0	0	0	0	0	0	0	0.02469298058573078	0.06595892508880544	0	0
0.029948824078789387	0.11607498040471764	0.13388151444015092	0.12070335684437455	0	0	0.017648599661715857	0	0.05913311384596154	0	0.07938160269379574	0	0.33013657198679147	0	0	0.01607141193473853	0.027396610092989968	0	0	0	0.04323625121283921	0	0	0	0	0	0.02638716280313524	0	0	0
0	0.08359246752811879	0.37828055058572047	0	0	0	0.03242694432424165	0	0	0.0859716518239647	0	0	0.3993189122851718	0	0	0	0	0	0	0	0.020409473452782628	0	0	0	0	0	0	0	0	0
0.06604148497821564	0	0.3620775114411649	0	0	0	0	0	0.011446955063764488	0	0	0	0.4790200584116196	0	0	0	0	0	0	0	0	0	0.016767505361159674	0	0	0	0	0.013367164480000339	0	0.051279320264075307
0	0.02734209318121064	0.48998178380746005	0	0	0	0	0	0.02823970484055154	0.01776435770956682	0.011620364289591168	0	0.3546718330342422	0	0	0	0	0	0	0	0.03466450990914905	0	0	0	0	0	0	0.03571535322822855	0	0
0	0.2345728444927375	0.45385911890661595	0	0	0.03321102677211193	0	0	0	0	0	0	0.14651035261845569	0	0	0	0	0	0	0.023166985858560925	0.08063498190376976	0	0	0	0	0.016422239282662152	0.011622450165086102	0	0	0
0	0.09063855452592356	0.3699852821531919	0	0	0	0	0	0.013260914462624597	0	0	0	0.3310635531720048	0	0	0.14222860239648008	0	0	0	0	0	0	0	0	0.017881400834460843	0.0349416924553141	0	0	0	0
0	0.12674649754880002	0.2863944948140142	0	0	0	0	0	0.06384102859192686	0.027396219084820244	0	0.0170007601751261	0.31002490169683083	0	0.06086932409827	0	0	0.014609209369741256	0	0	0	0	0	0.07621415623885658	0	0	0.01690340838161401	0	0	0
0.014133048497162891	0.1000847658588647	0.3706583126361727	0	0	0	0	0	0.062349775123664186	0	0.04201552404299	0.146135465930137	0.26462310791100857	0	0	0	0	0	0	0	0	0	0	0	0	0	0	0	0	0
0	0.19636145986310924	0.43391232528878493	0	0	0	0	0	0	0	0	0	0.24457476452978152	0	0	0	0.028789952889360235	0.04957926667942389	0	0	0	0	0	0	0	0	0.024386715407473877	0	0	0.02239551534206634
0	0.11042833665296724	0.3605735269162439	0	0	0	0	0.06341274950817913	0	0	0	0	0.17439848623125545	0	0	0.153398377054658	0	0.03594719954833982	0	0	0.039601698766154485	0.04502945919977146	0	0	0	0	0	0.01721016612243059	0	0
0.022624949172074905	0.1195665679527659	0.10804118527574504	0.09815275184736208	0	0	0	0	0.14188426280252492	0	0	0	0.27585913913343185	0	0	0	0.05768474501896431	0	0	0	0.04021149812056872	0.037876115541810404	0.05033261797459612	0	0	0	0.010201295060289575	0	0	0.03756487209986615
0	0.13014169585684973	0.07800939488054466	0	0	0	0	0.1170349661611929	0	0	0	0.07543082839061174	0.3351912438026871	0	0.0977234226847256	0	0.06418348502567153	0.04696924982788004	0	0	0	0.031928695531086605	0.023387017838750093	0	0	0	0	0	0	0
0.015803873585346444	0.17344594589986326	0.213263668622814	0	0	0	0	0	0.04785458967795195	0	0	0	0.10023780799110767	0	0	0.20901219113554012	0	0	0	0	0	0.059228903734520257	0	0	0.022698001066104062	0	0	0	0.15845501828675224	0
0.09936412356301688	0	0.4174261701867681	0	0	0	0.01702114617075241	0.07474199413227642	0.051633252576601875	0	0	0	0.23385927461819947	0	0	0	0	0	0.06716318172968455	0	0.018501885284047934	0	0	0	0	0	0.02028897173865234	0	0	0
0.09792698927027818	0	0.5742673509314293	0	0	0.011720602455444155	0	0	0.1232536822019996	0	0.025088420190224805	0	0.006007647320893765	0	0	0	0.017416823619364568	0.09039184877806072	0	0.03067774760035032	0	0	0	0	0	0.02324888763195464	0	0	0	0
0	0	0.5317441086579497	0	0	0	0	0.18831261291220283	0	0	0	0	0	0.1252899733921623	0	0	0.07984137421173594	0	0	0	0	0.07481193082594921	0	0	0	0	0	0	0	0
0.023585856317292667	0	0.4599695064427179	0	0	0	0	0.1799558812558674	0	0.03838140358926123	0.042786937629120704	0	0	0	0	0	0	0	0	0	0.07574996169072895	0	0	0	0.14506354297748014	0	0.017091461059174064	0	0.017415449038356897	0
0.021005778878862236	0	0.2625288642285458	0	0.15875404013301192	0	0	0	0	0	0	0	0.008581926059031963	0	0	0.2524388504710764	0.022641353548837787	0	0	0	0	0	0	0	0.2740491866806338	0	0	0	0	0
0.013824898621376229	0.01391696971801217	0.48779970372607384	0	0	0	0	0	0	0	0	0	0.009181345461086605	0.041828752745254015	0	0.1299470712369013	0.05724767114896789	0	0	0	0.017744202912828612	0.015351670144317613	0	0.07967265020113244	0.13348506408404923	0	0	0	0	0
0	0	0.23747011802455562	0	0	0	0	0.3709485724436871	0	0	0.014948474060311474	0	0	0	0	0.23200312598884393	0	0	0	0	0	0	0	0	0	0	0.03810905464508044	0.10652065483752139	0	0
0	0	0.37562057273392224	0	0	0.1167505866153882	0	0.1363050737596868	0.10136430055387588	0	0	0.02238502512262139	0.0587137061721718	0	0	0	0	0	0.029900210858376283	0.06259089101854433	0	0	0	0.07162265215037907	0	0	0	0.024746981015034038	0	0
0.03248225546912389	0	0.5482606826307981	0	0	0	0	0.12283590497222839	0.1450228644837355	0	0.008954996251105381	0	0	0	0	0	0.018371502828333535	0	0	0	0.015387106586366108	0.02177072394229605	0.06556445013069209	0	0	0	0	0	0.021349512705320935	0
0.09708183407663593	0	0.5404287867615686	0	0	0	0	0.28886679814450267	0	0.024882564177013334	0	0	0	0	0	0	0	0	0	0	0	0	0	0	0	0	0	0	0	0.04874001684027951
0	0	0.5915690598005516	0.09210269310386957	0	0	0.014100081104222385	0.057170697387058295	0.14650323487235878	0	0	0	0	0	0	0	0	0	0	0	0.0657744217032233	0	0	0	0	0	0.03277981202871597	0	0	0
0.056126126873241707	0	0.5162697210755657	0.1807118162117238	0	0	0	0.1483391565454893	0.053894350742887794	0.0076802193950841905	0	0	0	0	0	0	0	0	0	0	0	0	0.03697860915600764	0	0	0	0	0	0	0
0	0	0.5110865644632274	0	0.08985218049798756	0.008322901519565312	0	0.26831656259326636	0	0.012863646564902305	0	0	0	0	0	0	0	0	0	0.07074941766011453	0	0	0	0.038808726700936436	0	0	0	0	0	0
0.04832132108697602	0.009150726746253392	0.7754436993982665	0	0	0	0	0	0	0	0	0	0.03904812604733468	0	0	0	0	0	0	0	0	0	0	0	0	0	0	0.025187039716011418	0.10284908700515803	0
0.10999653105111927	0	0.7353322617385171	0	0	0	0	0.021144079811858823	0	0	0	0	0.0708303568365415	0	0	0	0.06269677056196335	0	0	0	0	0	0	0	0	0	0	0	0	0
0	0	0.3683395167385065	0	0	0.08417609542885232	0	0	0	0	0	0	0.0689714511175239	0	0	0.3914880837867362	0	0	0	0	0	0.048898971908802685	0	0	0	0	0.03812588101957827	0	0	0
0	0.05100828755819557	0.3575172442895187	0	0	0	0	0.054198538410647576	0	0.06210802403747232	0	0	0.01432651490381128	0.014314259230703414	0.03468046015200498	0.0275880672757792	0.03859930637286548	0	0	0	0	0.012013200986259433	0.02994434383614345	0.09940676103720361	0.20429499190939499	0	0	0	0	0
0	0	0.3259961839485012	0	0.15762664437424045	0	0	0.17495306145901066	0.11755413619533571	0	0	0	0	0.06139392454525502	0	0	0	0.01973416806104594	0.04287771903115284	0	0.09986416238545827	0	0	0	0	0	0	0	0	0
0.07591236464523245	0	0.3625123122316001	0	0	0	0	0.2888593808756964	0.028575461783575694	0.031612780758149245	0	0	0.08414581160821334	0.0679891549590611	0	0	0	0	0	0	0	0	0	0	0	0.03829527013874519	0	0	0	0.022097462999726522
0.029122770911328536	0.02132917686858427	0.3537265659524177	0	0	0	0	0.2362533776219278	0	0	0	0	0.038181429715781326	0	0	0.15551906007803373	0	0	0	0	0	0	0	0	0	0	0	0.1658676188519267	0	0
0.12402884583810815	0	0.5257638152507191	0	0	0	0	0.07750283180962286	0	0.0361864957598567	0	0	0	0	0	0.1464607399427035	0	0.06839368511776393	0	0	0	0	0	0	0	0.02166358628122573	0	0	0	0
0	0	0.48202743671733256	0	0	0	0.007932499785236462	0.0666602755147343	0.10157622101675415	0.03281529924299039	0	0	0	0.022998081252606408	0.07654862263140434	0	0	0	0	0	0	0	0	0	0.1518871430843221	0	0	0	0	0.05755442075461917
0.12626354931963615	0.033502201129262006	0.6761164699309473	0	0.12796293867337602	0	0	0	0	0	0	0	0	0	0	0	0	0	0	0	0.013531275396018155	0	0	0	0	0	0.0077399002509793155	0.014883665299780979	0	0
0.051598132271949364	0.016095019697998172	0.38053902170173426	0.09389820980216382	0	0	0	0.1911554501986098	0.03231305766267296	0	0	0	0.043432719965241215	0	0	0.10681016261490726	0	0	0.047966527249996935	0.026295335274792088	0.009896363559934172	0	0	0	0	0	0	0	0	0
0.026856477327690413	0	0.17899162558187767	0	0.07083239368493896	0	0	0.2980291037609654	0.14144680690002576	0	0.014293409832917261	0	0.03741792360527324	0	0	0.1625661923737705	0	0	0.051197585965909724	0	0.018368480966630994	0	0	0	0	0	0	0	0	0
0	0	0.307841574958516	0	0	0	0	0.15878585746470147	0.21913144101575494	0	0	0	0.07336297528465668	0	0.07480669110644367	0	0	0	0	0	0	0.01381064513153638	0	0	0	0	0	0.04446605977136493	0.10779475526702587	0
0.09459476897956888	0.006187086425613737	0.6592722715850834	0	0	0	0	0.0327070976040272	0	0	0	0	0	0.07657498347636087	0	0.13066379192934588	0	0	0	0	0	0	0	0	0	0	0	0	0	0
0.11273933326591733	0	0.49202673291320714	0	0	0	0	0.1312332059909617	0.05472451562071465	0.02633421722152707	0	0	0.015806659973031077	0	0	0	0	0	0	0	0.015162000082985258	0.04180027869729694	0.061629578917595254	0	0.04854347731676368	0	0	0	0	0
0	0.0299013790343593	0.3896726032592171	0	0.40070161793315906	0	0.02238455727649318	0	0	0.031581112395667583	0	0	0.039106721964198336	0	0	0	0	0	0	0	0	0	0	0	0	0	0.01877716964567309	0.06787483849123245	0	0
0.012536770514856271	0.008186552407680731	0.5749464164664501	0	0	0	0	0.3464227443069596	0	0	0	0	0	0	0	0	0	0	0.05790751630405343	0	0	0	0	0	0	0	0	0	0	0
0.12558709933044068	0	0.37341635565500997	0	0	0	0	0.35611809846031994	0	0	0.029845581121359013	0	0.05023596366284497	0	0	0	0	0	0	0	0	0.033910111060531885	0	0	0	0	0.030886790709493458	0	0	0
0.10672128080129133	0.005419445844181085	0.16960000526798186	0	0.12268194392927266	0	0	0.3603037167379469	0	0	0	0	0	0	0	0	0	0.04629584265847061	0	0	0.034250059117274176	0	0	0	0.15472770564358146	0	0	0	0	0
0.0722117436796649	0	0.43737137832580053	0	0.17078189799263735	0	0	0.2595154094527078	0	0	0	0	0	0	0	0	0	0	0.0373371483790965	0.02278242217009294	0	0	0	0	0	0	0	0	0	0
0	0	0.034933070163430724	0	0.3782981126883589	0	0	0.2623622113656654	0.04516978832512941	0	0	0	0.08154525604707806	0	0.01974401161048165	0	0	0.025016911010138494	0	0	0	0	0	0	0.08472568388379208	0	0	0	0.020212645975023705	0.0479923089309016
0	0	0.4048529184505751	0	0.13603453668895674	0	0	0	0	0.04740574039273361	0	0	0.07212343776734835	0	0	0.25033011366097024	0	0	0	0	0	0	0	0	0.07909007776049834	0	0.010163175278917707	0	0	0
0.05956735687025597	0	0.3747047341732742	0	0.20032427384084825	0	0	0	0	0.0990546181352539	0	0.06967608393307087	0.016768862241544516	0	0	0	0.05578196969256821	0.08326962027632992	0	0	0	0	0	0.04085248083685419	0	0	0	0	0	0
0.06298407088471678	0	0	0	0.22547752760936227	0	0.011944526138040578	0.3244538401039257	0.03867706781887689	0	0	0	0.030247875131008545	0	0.07005590772089688	0	0.03644551461299945	0.062380353231450414	0	0	0	0	0	0.10654889264838234	0	0	0	0.030784424100340147	0	0
0	0	0.36207343493600785	0	0	0	0	0.20187951175062122	0.11055413798038925	0	0	0	0.018806354785951197	0.06487573800684177	0.0908850975638197	0	0	0	0	0	0	0.09786133262461358	0	0	0	0.05306439235175542	0	0	0	0
0.09103410668498256	0	0.3946508144736321	0.11444470943399279	0	0	0	0.20491698936915217	0	0	0	0	0.022589542210000035	0.06793612347839002	0	0	0	0	0	0.1044277143498503	0	0	0	0	0	0	0	0	0	0
